Title,Category
Expand your horizons with eBay Explore diverse categories from fashion to electronics and find hidden gems Join Oliver from Rotterdam who recently found a great deal,Social Proof
Immerse yourself in cinematic experience with latest media players Enjoy highdefinition displays and immersive sound for movie nights at home,Not Dark Pattern
With Fathers Day approaching surprise your dad with a thoughtful gift From gadgets to grilling accessories weve got something special,Not Dark Pattern
Indulge in finest wines with WSJwine Advantage Enjoy complimentary shipping on exquisite bottles carefully curated for your palate,Sneaking
Spring sale offers incredible discounts on musthave items Hurry dont miss out,Urgency
I appreciate the offer but no thanks Im not interested in discounts,Misdirection
No thank you I dont need any free gifts,Misdirection
Keep babys skin soft with extragentle cleansing wipes Our hypoallergenic formula is perfect for sensitive skin,Not Dark Pattern
Elevate your style with mens accessories From sleek watches to sophisticated wallets add refinement to your look,Not Dark Pattern
Join jennifer from Sydney who just scooped up a Rainbow Moonstone Healing Heart Dont miss your chance for a touch of magic,Social Proof
Act fast and save big Enjoy a limitedtime discount of on select items,Urgency
Unlock exclusive benefits with WSJwine Advantage membership Enjoy free shipping and membersonly offers,Sneaking
Dont miss this exclusive offer Only items left in stock Reserve now,Scarcity
Im not interested in lucky draws No thank you,Misdirection
Hurry Limited stock available Dont miss this chance,Scarcity
Last chance to upgrade your mattress Enjoy discounts free shipping and easy returns Offer ends soon,Urgency
Continue browsing our stylish home accessories Elevate your living space with unique pieces,Not Dark Pattern
Discover the world of healing gemstones Crystals have therapeutic powers and transfer positive energy,Not Dark Pattern
Popular choice people are viewing this exclusive product Dont miss out,Social Proof
Trending now people just viewed this product Join the crowd,Social Proof
Act now exclusive offers already claimed Secure your deal,Scarcity
Id rather pay full price No discounts needed thank you,Misdirection
Get off your second case or canopy screen protector Discount applied automatically,Misdirection
Were committed to sustainability Recycle your old products with us,Not Dark Pattern
Enjoy peace of mind with purchase protection added to your order,Sneaking
Hurry Only items left in our exclusive collection,Scarcity
people have added this item to their cart Be part of the trend,Social Proof
Discover our luxurious Gold Collection Indulge in elegant accessories,Not Dark Pattern
No thank you Im not interested in saving money,Misdirection
Experience unparalleled service and quality Our customers rave about their experience,Not Dark Pattern
Todays sale ends soon Dont miss incredible deals,Urgency
Explore our Business Office and Industrial section for professional needs,Not Dark Pattern
Immerse yourself in the world of my artwork where each piece tells a story,Not Dark Pattern
Be part of the buzz people are admiring this captivating artwork,Social Proof
Enhance your purchase with special touches like gift wrapping and personalized messages,Misdirection
Take advantage of flexible payment options and enjoy your purchase now,Not Dark Pattern
Act now This special offer ends soon,Urgency
This offer expires in 24 hours Act now or miss out forever,Urgency
Our users love this feature Join the community and sign up now,Social Proof
We recommend you enable push notifications to never miss an update,Not Dark Pattern
This setting cant be changed Its for your own safety,Obstruction
Get your limited edition item now Only 10 left in stock,Scarcity
I agree to the terms and conditions including the hidden subscription fee,Misdirection
This app is free to download but you need a premium account to use it,Sneaking
Sign up now and get a free gift Terms and conditions may apply,Misdirection
Our AI powered system will optimize your settings for the best experience,Not Dark Pattern
This survey is almost complete Just one more page to go,Urgency
Join our exclusive community and access hidden features,Forced Action
This plan is tailored just for you Sign up now,Social Proof
We value your privacy Turn off location services to continue,Not Dark Pattern
This website uses cookies to enhance your browsing experience Accept to continue,Not Dark Pattern
Dont miss out on our exclusive sale Join our VIP list now,Scarcity
This setting is enabled by default for your convenience,Not Dark Pattern
Try our risk free trial Canceling may result in a small fee,Sneaking
Our system detected unusual activity Re enter your password to continue,Not Dark Pattern
This item is going fast Only a few left at this price,Urgency
Weve updated our privacy policy Accept to keep using our site,Not Dark Pattern
This app needs access to your contacts and storage,Not Dark Pattern
Dont want to miss out Enable notifications for exclusive offers,Forced Action
This plan is ending soon Lock in your rate now,Scarcity
Our terms have changed Continue to agree to our new policies,Forced Action
This is a limited time offer Act now before its too late,Urgency
Your free trial is ending soon Subscribe now to keep accessing,Forced Action
This feature is only available to premium members Upgrade now,Forced Action
Dont miss our biggest sale ever Join our email list now,Forced Action
This setting improves performance It is recommended to keep it on,Not Dark Pattern
Weve updated our terms Your continued use signifies agreement,Forced Action
This is a one time offer It wont be available again,Urgency
Dont want to see this ad Please disable your ad blocker,Forced Action
This plan is our most popular Join millions of satisfied users,Social Proof
Your subscription is about to renew Cancel now to avoid charges,Forced Action
This setting enhances security It is advised to keep it enabled,Not Dark Pattern
Dont miss the latest features Update your app now,Forced Action
This is a special offer just for you Accept within 24 hours,Urgency
Your free trial is about to expire Upgrade now to keep accessing,Forced Action
This website uses cookies to ensure you get the best experience Agree to continue,Not Dark Pattern
Dont want to see ads Consider upgrading to our premium plan,Forced Action
This plan is a limited offer Act now before its gone,Scarcity
Your free trial is ending Subscribe now to continue,Forced Action
This setting optimizes performance Keep it enabled for best results,Not Dark Pattern
Weve updated our privacy policy Your continued use agrees to changes,Forced Action
This is a time sensitive offer It wont last long,Urgency
Dont want to miss out Enable browser notifications for updates,Forced Action
This plan is a best seller Join thousands of happy customers,Social Proof
Your subscription will renew soon Cancel now to avoid the charge,Forced Action
This setting improves your privacy Keep it turned on,Not Dark Pattern
Weve updated our terms of service Continue to accept and proceed,Forced Action
This is a once a year sale Prices go up tomorrow,Urgency
Dont want to see this ad Please consider subscribing,Forced Action
This plan is exclusive Join our VIP community,Scarcity
Your free trial period is ending Become a member to keep accessing,Forced Action
This setting improves your online safety Keep it turned on,Not Dark Pattern
Weve updated our privacy practices Review and accept to continue,Forced Action
This is a flash sale Offer ends in an hour,Urgency
Dont miss our exclusive online event RSVP now,Forced Action
This plan is ending soon Lock in your rate now,Scarcity
Your subscription is about to auto renew Cancel now if needed,Forced Action
This setting enhances your browsing It is recommended,Not Dark Pattern
Weve made some changes to our privacy policy Agree to continue,Forced Action
This is a limited time discount Offer ends soon,Urgency
Dont want to miss out on deals Enable personalized ads,Forced Action
This plan is flexible No contracts cancel anytime,Not Dark Pattern
Your subscription preferences have been updated Cancel anytime,Not Dark Pattern
This setting improves your download speeds Keep it enabled,Not Dark Pattern
Weve updated our data practices Review and accept to continue,Forced Action
This is a clearance sale Stock is limited,Urgency
Dont miss our early bird discounts Sign up for our conference,Forced Action
This plan is customizable Choose the features you need,Not Dark Pattern
Your free trial has ended Become a member to continue,Forced Action
This setting improves your call quality Keep it enabled for best results,Not Dark Pattern
Weve updated our terms of use Continue to accept and proceed,Forced Action
This is a one day sale Dont miss out,Urgency
Dont want to see this ad Please disable your ad blocker temporarily,Forced Action
This plan is trusted by businesses Secure your data today,Social Proof
Your subscription is about to expire Renew now to keep accessing,Forced Action
This setting improves your connection speed Keep it on,Not Dark Pattern
Weve updated our cookie policy Accept to continue browsing,Forced Action
This is a clearance sale Everything must go,Urgency
Dont want to miss out on our exclusive sale Enable notifications,Forced Action
This plan is exclusive No long term contracts,Not Dark Pattern
Your free trial period is ending Subscribe now to continue,Forced Action
This setting improves your display quality Keep it on for best results,Not Dark Pattern
Weve updated our privacy settings Adjust yours to continue,Forced Action
This is a flash sale Prices go back up soon,Urgency
Dont miss our early access sale Sign up now,Forced Action
This plan is simple No hidden fees or surprises,Not Dark Pattern
Your free trial has ended Subscribe now to continue accessing,Forced Action
This setting improves your device's performance Keep it on,Not Dark Pattern
Weve updated our terms and conditions Your use agrees to changes,Forced Action
This is a special offer Available to the first 100 customers,Scarcity
Dont miss our latest features Update your app,Forced Action
This plan is affordable No hidden fees or contracts,Not Dark Pattern
Your subscription is about to auto renew Manage your preferences now,Forced Action
This setting improves your audio quality Keep it enabled,Not Dark Pattern
Weve updated our privacy notice Your continued use agrees to changes,Forced Action
This is a limited time event Register now,Urgency
Dont miss our online workshop Sign up now,Forced Action
This plan is customizable Build your own package,Not Dark Pattern
Your free trial is ending Subscribe now to keep access,Forced Action
This setting improves your gaming experience Keep it enabled,Not Dark Pattern
Weve updated our terms of service Your continued use agrees,Forced Action
This is a seasonal sale Dont miss out,Urgency
Dont want to see this ad Support us by purchasing a pass,Forced Action
This plan is flexible Cancel anytime no penalties,Not Dark Pattern
Your subscription will renew soon Manage your preferences,Forced Action
This setting improves your security Keep it enabled,Not Dark Pattern
Weve updated our data policies Review and accept to proceed,Forced Action
This is a clearance sale Limited stock,Urgency
Dont miss our exclusive event Join now,Forced Action
This plan is transparent No hidden costs,Not Dark Pattern
Your free trial has ended Become a member to continue accessing,Forced Action
This setting improves battery life Keep it enabled,Not Dark Pattern
Weve updated our privacy tools Adjust yours to continue,Forced Action
This deal is ending soon Last chance to save big,Urgency
Your order is almost complete Just one more step,Forced Action
This plan is reliable Trusted by industry leaders,Social Proof
Weve updated our data policies Agree to continue using our site,Forced Action
This is a flash sale Prices go up tonight,Urgency
Dont miss our holiday sale Shop now for gifts,Forced Action
This plan is a limited release Act now to secure it,Scarcity
Your subscription is active Cancel anytime to stop renewal,Not Dark Pattern
This setting improves your streaming quality Keep it on,Not Dark Pattern
Weve updated our terms Review and accept the changes,Forced Action
This is a one time offer Dont miss this opportunity,Urgency
Dont want to see this ad Please disable your ad blocker,Forced Action
This plan is a special offer Available to new customers,Scarcity
Your free trial is ending soon Continue to keep accessing,Forced Action
This setting improves your devices stability Keep it enabled,Not Dark Pattern
Weve updated our privacy tools Adjust your settings to continue,Forced Action
This is a clearance event Everything must go,Urgency
Dont miss our exclusive rewards Join our loyalty program,Forced Action
This plan is customizable Add the features you need,Not Dark Pattern
Your subscription is about to auto renew Manage your plan now,Forced Action
This setting improves your printing quality Keep it enabled,Not Dark Pattern
Weve updated our cookie policy Your continued browsing agrees,Forced Action
This is a flash deal Offer ends in an hour,Urgency
Dont want to miss out Enable notifications for updates,Forced Action
This plan is a best seller Join thousands of happy customers,Social Proof
Your subscription preferences have changed Review your settings,Not Dark Pattern
This setting improves your location accuracy Keep it on,Not Dark Pattern
Weve updated our terms of service Accept to proceed,Forced Action
This is a limited edition offer Only 50 available,Scarcity
Dont want to see this ad Please consider donating,Forced Action
This plan is flexible No long term commitments needed,Not Dark Pattern
Your free trial period is ending soon Become a member,Forced Action
This setting improves your photo quality Keep it enabled,Not Dark Pattern
Weve updated our privacy notice Review your settings,Forced Action
This is a time limited offer Act now before its gone,Urgency
Dont miss our latest product launch Sign up for updates,Forced Action
This plan is affordable No hidden fees or contracts,Not Dark Pattern
Your subscription will auto renew Cancel anytime to stop,Forced Action
This setting improves your systems responsiveness Keep it on,Not Dark Pattern
Weve updated our data practices Your use agrees to changes,Forced Action
This is a clearance blowout Prices slashed further,Urgency
Dont want to miss out Join our email list for updates,Forced Action
This plan is risk free Try it with a money back guarantee,Not Dark Pattern
Your free trial has ended Become a member to continue,Forced Action
This setting improves your network connection Keep it enabled,Not Dark Pattern
Weve updated our terms and conditions Continue to accept,Forced Action
This is a one day flash sale Dont miss out,Urgency
Dont want to see this ad Support us by subscribing,Forced Action
This plan is a limited release Get it before its gone,Scarcity
Your subscription is about to expire Renew now to continue,Forced Action
This setting improves your devices speed Keep it enabled,Not Dark Pattern
Weve updated our privacy settings Adjust to continue,Forced Action
This is a special event sale Register now,Urgency
Dont miss our early access offer Sign up now,Forced Action
This plan is transparent No hidden costs or fees,Not Dark Pattern
Your free trial period is almost over Upgrade now,Forced Action
This setting improves your devices battery performance Keep it on,Not Dark Pattern
Weve updated our terms of use Your continued use agrees,Forced Action
This is a flash giveaway First come first served,Urgency
Dont want to miss exclusive content Enable notifications,Forced Action
This plan is tailored to your needs Choose your features,Not Dark Pattern
Your subscription preferences have been updated Review your choices,Not Dark Pattern
This setting improves your online security measures Keep it enabled,Not Dark Pattern
Weve updated our cookie policy Accept to keep browsing,Forced Action
This is a limited time promotion Dont miss this deal,Urgency
Dont want to see this ad Please consider whitelisting us,Forced Action
This plan is a customer favorite Join satisfied users,Social Proof
Your subscription is about to auto renew Cancel now to avoid charges,Forced Action
This setting improves your audio quality Keep it enabled,Not Dark Pattern
Weve updated our privacy notice Your continued use agrees to changes,Forced Action
This is a limited time event Register now,Urgency
Dont miss our online workshop Sign up now,Forced Action
This plan is customizable Build your own package,Not Dark Pattern
Your subscription will auto renew soon Cancel anytime,Forced Action
This setting improves your devices security Keep it enabled,Not Dark Pattern
Weve updated our data policies Review and accept to proceed,Forced Action
This is a clearance sale Limited stock,Urgency
Dont miss our exclusive event Join now,Forced Action
This plan is transparent No long term contracts,Not Dark Pattern
Your free trial period has ended Become a member to continue accessing,Forced Action
This setting improves battery life Keep it enabled,Not Dark Pattern
Weve updated our privacy tools Adjust yours to continue,Forced Action
This deal is only available online Act now,Urgency
Your subscription preferences can be updated anytime,Not Dark Pattern
This setting improves performance Keep it enabled,Not Dark Pattern
Weve updated our terms Review and accept,Forced Action
This is a one time clearance sale Dont miss out,Urgency
Dont want to see this ad Support us by whitelisting,Forced Action
This plan is a community favorite Join like minded people,Social Proof
Your subscription is about to expire Renew now to keep accessing,Forced Action
This setting improves your devices longevity Keep it enabled,Not Dark Pattern
Weve updated our cookie policy Your continued browsing agrees to terms,Forced Action
This is a limited edition release Only available online,Scarcity
Dont want to miss exclusive rewards Sign up for our program,Forced Action
This plan is transparent and honest No hidden surprises,Not Dark Pattern
Your free trial has ended Subscribe now to continue,Forced Action
This setting improves your devices security protocols Keep it enabled,Not Dark Pattern
Weve updated our privacy settings Adjust to keep using our site,Forced Action
This is a flash sale preview Be the first to know,Urgency
Dont miss our latest updates Follow us on social media,Forced Action
This plan is customizable to your needs Build your own,Not Dark Pattern
Your subscription will auto renew soon Manage your preferences now,Forced Action
This setting improves your devices stability and performance Keep it enabled,Not Dark Pattern
Weve updated our terms of service Your continued use agrees to changes,Forced Action
This is a one time clearance event Everything on sale,Urgency
Dont want to see this ad Support us by subscribing to our newsletter,Forced Action
This plan is a customer favorite Join millions of happy users,Social Proof
Your free trial is ending Continue to keep accessing our service,Forced Action
This setting improves your devices update process Keep it enabled,Not Dark Pattern
Weve updated our privacy notice Review and accept to continue,Forced Action
This is a flash giveaway Only the first 100,Urgency
Dont want to miss exclusive content Join our online community,Forced Action
This plan is flexible and adaptable Choose your options,Not Dark Pattern
Your subscription is about to expire Manage your plan now,Forced Action
This setting improves your devices thermal performance Keep it enabled,Not Dark Pattern
Weve updated our terms and conditions Your use signifies agreement,Forced Action
This is a clearance blowout Prices wont get lower,Urgency
Dont want to see this ad Support us by purchasing a pass,Forced Action
This plan is a community favorite Join a supportive network,Social Proof
Your subscription is about to auto renew Cancel if needed,Forced Action
This setting improves your devices responsiveness Keep it enabled,Not Dark Pattern
Weve updated our data policies Review and agree to continue,Forced Action
This is a limited time discount Offer ends soon,Urgency
Dont want to miss out on deals Enable personalized ads,Forced Action
This plan is flexible No contracts cancel anytime,Not Dark Pattern
Your subscription preferences have been updated Cancel anytime,Not Dark Pattern
This setting improves your download speeds Keep it enabled,Not Dark Pattern
Weve updated our data practices Review and accept to continue,Forced Action
This is a clearance sale Stock is limited,Urgency
Dont miss our early bird discounts Sign up for our conference,Forced Action
This plan is customizable Choose the features you need,Not Dark Pattern
Your free trial has ended Become a member to continue,Forced Action
This setting improves your call quality Keep it enabled for best results,Not Dark Pattern
Weve updated our terms of use Continue to accept and proceed,Forced Action
This is a one day sale Dont miss out,Urgency
Dont want to see this ad Please disable your ad blocker temporarily,Forced Action
This plan is trusted by businesses Secure your data today,Social Proof
Your subscription is about to expire Renew now to keep accessing,Forced Action
This setting improves your connection speed Keep it on,Not Dark Pattern
Weve updated our cookie policy Accept to continue browsing,Forced Action
This is a clearance sale Everything must go,Urgency
Dont want to miss out on our exclusive sale Enable notifications,Forced Action
This plan is exclusive No long term contracts,Not Dark Pattern
Your free trial period is ending Subscribe now to continue,Forced Action
This setting improves your display quality Keep it on for best results,Not Dark Pattern
Weve updated our privacy settings Adjust yours to continue,Forced Action
This is a flash sale Prices go back up soon,Urgency
Dont miss our early access sale Sign up now,Forced Action
This plan is simple No hidden fees or surprises,Not Dark Pattern
Your free trial has ended Subscribe now to continue accessing,Forced Action
This setting improves your devices performance Keep it on,Not Dark Pattern
Weve updated our terms and conditions Your use agrees to changes,Forced Action
This is a special offer Available to the first 100 customers,Scarcity
Dont miss our latest features Update your app,Forced Action
This plan is affordable No hidden fees or contracts,Not Dark Pattern
Your subscription is about to auto renew Manage your preferences now,Forced Action
This setting improves your audio quality Keep it enabled,Not Dark Pattern
Weve updated our privacy notice Your continued use agrees to changes,Forced Action
This is a limited time event Register now,Urgency
Dont miss our online workshop Sign up now,Forced Action
This plan is customizable Build your own package,Not Dark Pattern
Your subscription will auto renew soon Cancel anytime,Forced Action
This setting improves your devices security Keep it enabled,Not Dark Pattern
Weve updated our data policies Review and accept to proceed,Forced Action
This is a clearance sale Limited stock,Urgency
Dont miss our exclusive event RSVP now,Forced Action
This plan is worry free No hidden charges or fees,Not Dark Pattern
Your subscription is about to renew Cancel anytime,Forced Action
This setting improves your security Keep it enabled,Not Dark Pattern
Weve updated our data policies Review and accept,Forced Action
This is a clearance blowout Prices slashed further,Urgency
Dont want to miss out Enable browser notifications for updates,Forced Action
This plan is a best seller Join thousands of happy customers,Social Proof
Your subscription preferences have changed Review your settings,Not Dark Pattern
This setting improves your privacy Keep it turned on,Not Dark Pattern
Weve updated our terms of service Continue to accept and proceed,Forced Action
This is a one time offer It wont be available again,Urgency
Dont want to see this ad Please consider subscribing,Forced Action
This plan is exclusive Join our VIP community,Scarcity
Your subscription is about to auto renew Manage your plan,Forced Action
This setting improves your online safety Keep it turned on,Not Dark Pattern
Weve updated our privacy practices Review and accept to continue,Forced Action
This is a flash sale Offer ends in an hour,Urgency
Dont miss our exclusive online community Join now,Forced Action
This plan is ending soon Lock in your rate now,Scarcity
Your subscription is about to expire Renew now to continue,Forced Action
This setting enhances your browsing It is recommended,Not Dark Pattern
Weve made some changes to our privacy policy Agree to continue,Forced Action
This is a limited time discount Offer ends soon,Urgency
Dont want to miss out on deals Enable personalized ads,Forced Action
This plan is flexible No contracts cancel anytime,Not Dark Pattern
Your subscription preferences have been updated Cancel anytime,Not Dark Pattern
This setting improves your download speeds Keep it enabled,Not Dark Pattern
Weve updated our data practices Review and accept to continue,Forced Action
This is a clearance sale Stock is limited,Urgency
Dont miss our early bird discounts Sign up for our conference,Forced Action
This plan is customizable Choose the features you need,Not Dark Pattern
Your free trial has ended Become a member to continue,Forced Action
This setting improves your call quality Keep it enabled for best results,Not Dark Pattern
Weve updated our terms of use Continue to accept and proceed,Forced Action
This is a one day sale Dont miss out,Urgency
Dont want to see this ad Please disable your ad blocker temporarily,Forced Action
This plan is trusted by businesses Secure your data today,Social Proof
Your subscription is about to expire Renew now to keep accessing,Forced Action
This setting improves your connection speed Keep it on,Not Dark Pattern
Weve updated our cookie policy Accept to continue browsing,Forced Action
This is a clearance sale Everything must go,Urgency
Dont want to miss out on our exclusive sale Join our VIP list now,Forced Action
This plan is exclusive No long term contracts,Not Dark Pattern
Your free trial period is ending Subscribe now to continue,Forced Action
This setting improves your display quality Keep it on for best results,Not Dark Pattern
Weve updated our privacy settings Adjust yours to continue,Forced Action
This is a flash sale Prices go back up soon,Urgency
Dont miss our early access sale Sign up now,Forced Action
This plan is simple No hidden fees or surprises,Not Dark Pattern
Your free trial has ended Subscribe now to continue accessing,Forced Action
This setting improves your devices performance Keep it on,Not Dark Pattern
Weve updated our terms and conditions Your use agrees to changes,Forced Action
This is a special offer Available to the first 100 customers,Scarcity
Dont miss our latest features Update your app,Forced Action
This plan is affordable No hidden fees or contracts,Not Dark Pattern
Your subscription is about to auto renew Cancel anytime to stop,Forced Action
This setting improves your audio quality Keep it enabled,Not Dark Pattern
Weve updated our privacy notice Your continued use agrees to changes,Forced Action
This is a limited time event Register now,Urgency
Dont miss our online workshop Sign up now,Forced Action
This plan is customizable Build your own package,Not Dark Pattern
Your subscription will auto renew soon Manage your preferences,Forced Action
This setting improves your devices security Keep it enabled,Not Dark Pattern
Weve updated our data policies Review and accept to proceed,Forced Action
This is a clearance event Prices starting at rock bottom,Urgency
Dont want to miss out on rewards Join our loyalty club,Forced Action
This plan is tailored to your budget Choose your features,Not Dark Pattern
Your free trial has ended Become a member to continue,Forced Action
This setting improves your devices standby time Keep it enabled,Not Dark Pattern
Weve updated our privacy tools Adjust yours to continue,Forced Action
This is a one time opportunity Dont let it pass by,Urgency
Dont want to see this ad Support us by whitelisting,Forced Action
This plan is a limited time offer Act now,Scarcity
Your subscription is about to expire Renew now to continue,Forced Action
This setting improves your devices responsiveness Keep it enabled,Not Dark Pattern
Weve updated our data policies Review and agree to continue,Forced Action
This is a flash giveaway Only the first 100,Urgency
Dont want to miss exclusive content Enable browser notifications,Forced Action
This plan is flexible and adaptable Choose what you need,Not Dark Pattern
Your free trial period is ending soon Upgrade now,Forced Action
This setting improves your devices thermal performance Keep it enabled,Not Dark Pattern
Weve updated our terms and conditions Your use signifies agreement,Forced Action
This is a clearance blowout Prices too low to show,Urgency
Dont want to see this ad Support us by purchasing a pass,Forced Action
This plan is a community favorite Join a supportive network,Social Proof
Your subscription is about to auto renew Cancel if needed,Forced Action
This setting improves your devices longevity Keep it enabled,Not Dark Pattern
Weve updated our cookie policy Your continued browsing agrees to terms,Forced Action
This is a limited edition release Only available online,Scarcity
Dont want to miss exclusive rewards Sign up for our program,Forced Action
This plan is transparent and honest No hidden surprises,Not Dark Pattern
Your free trial has ended Upgrade now to continue,Forced Action
This setting improves your devices security protocols Keep it enabled,Not Dark Pattern
Weve updated our privacy settings Adjust to keep using our site,Forced Action
This is a flash sale preview Be the first to know,Urgency
Dont miss our latest updates Follow us on social media,Forced Action
This plan is customizable to your needs Build your own,Not Dark Pattern
Your subscription will auto renew soon Manage your preferences now,Forced Action
This setting improves your devices stability and performance Keep it enabled,Not Dark Pattern
Weve updated our terms of service Your continued use agrees to changes,Forced Action
This is a one time clearance sale Everything on sale,Urgency
Dont want to see this ad Support us by subscribing to our newsletter,Forced Action
This plan is a customer favorite Join millions of happy users,Social Proof
Your free trial is ending Continue to keep accessing our service,Forced Action
This setting improves your devices update process Keep it enabled,Not Dark Pattern
Weve updated our privacy notice Review and accept to continue,Forced Action
This is a flash giveaway Only for our loyal customers,Urgency
Dont want to miss exclusive deals Enable personalized recommendations,Forced Action
This offer is ending soon Dont miss the deadline,Urgency
Your order summary is ready Review and confirm now,Forced Action
This plan is reliable and trusted Join satisfied users,Social Proof
Weve updated our data practices Agree to continue using our app,Forced Action
This is a flash sale preview Prices drop at midnight,Urgency
Dont miss our holiday deals Shop now and save big,Forced Action
This plan is a limited release Act fast to secure it,Scarcity
Your subscription is active Manage your preferences now,Not Dark Pattern
This setting improves your streaming experience Keep it enabled,Not Dark Pattern
Weve updated our terms Review and accept to continue,Forced Action
This is a one time clearance sale Everything must go,Urgency
Dont want to see this ad Support us by subscribing,Forced Action
This plan is a special offer Available to new users,Scarcity
Your free trial is ending soon Upgrade now to continue,Forced Action
This setting improves your devices performance Keep it on,Not Dark Pattern
Weve updated our privacy tools Adjust your settings,Forced Action
This is a clearance event Prices wont get lower,Urgency
Dont miss our exclusive rewards Join our loyalty club,Forced Action
This plan is customizable Add the features you want,Not Dark Pattern
Your subscription is about to auto renew Cancel anytime,Forced Action
This setting improves your printing quality Keep it on,Not Dark Pattern
Weve updated our cookie policy Your use agrees to terms,Forced Action
This is a flash deal Offer ends soon,Urgency
Dont want to miss out Enable notifications for updates,Forced Action
This plan is a best seller Join thousands of happy customers,Social Proof
Your subscription preferences have changed Review and update,Not Dark Pattern
This setting improves your location services Keep it enabled,Not Dark Pattern
Weve updated our terms of service Accept to proceed,Forced Action
This is a limited edition offer Only available online,Scarcity
Dont want to see this ad Please consider donating,Forced Action
This plan is flexible No long term commitments needed,Not Dark Pattern
Your free trial period is ending soon Become a member,Forced Action
This setting improves your photo quality Keep it on,Not Dark Pattern
Weve updated our privacy notice Review and accept,Forced Action
This is a time limited offer Act now before it ends,Urgency
Dont miss our latest product launch Sign up for updates,Forced Action
This plan is affordable No hidden fees or costs,Not Dark Pattern
Your subscription will auto renew Cancel anytime to stop,Forced Action
This setting improves your systems performance Keep it enabled,Not Dark Pattern
Weve updated our data practices Your use agrees,Forced Action
This is a clearance blowout Prices slashed further,Urgency
Dont want to miss out Join our email list for deals,Forced Action
This plan is risk free Try it with confidence,Not Dark Pattern
Your free trial has ended Subscribe now to continue,Forced Action
This setting improves your network connection Keep it on,Not Dark Pattern
Weve updated our terms and conditions Continue to use,Forced Action
This is a one day flash sale Dont miss out,Urgency
Dont want to see this ad Support us by subscribing,Forced Action
This plan is a limited release Get it while you can,Scarcity
Your subscription is about to expire Renew now to continue,Forced Action
This setting improves your devices speed Keep it enabled,Not Dark Pattern
Weve updated our privacy settings Adjust and continue,Forced Action
This is a special event sale Register now to attend,Urgency
Dont miss our early access offer Sign up and save,Forced Action
This plan is transparent No hidden costs or fees,Not Dark Pattern
Your free trial period is almost over Upgrade now,Forced Action
This setting improves your devices battery life Keep it on,Not Dark Pattern
Weve updated our terms of use Your use agrees to terms,Forced Action
This is a flash giveaway First come first served,Urgency
Dont want to miss exclusive content Enable notifications,Forced Action
This plan is tailored to your needs Personalize your experience,Not Dark Pattern
Your subscription preferences have been updated Review and adjust,Not Dark Pattern
This setting improves your online security Keep it enabled,Not Dark Pattern
Weve updated our cookie policy Accept to keep browsing,Forced Action
This is a limited time promotion Act now to save,Urgency
Dont want to see this ad Please consider whitelisting,Forced Action
This plan is a customer favorite Join satisfied users,Social Proof
Your subscription is about to auto renew Cancel to avoid charges,Forced Action
This setting improves your audio quality Keep it enabled,Not Dark Pattern
Weve updated our privacy notice Your continued use agrees to changes,Forced Action
This is a limited time event Register now to attend,Urgency
Dont miss our online workshop Sign up and learn,Forced Action
This plan is customizable Build your own package,Not Dark Pattern
Your subscription will auto renew soon Manage your plan,Forced Action
This setting improves your devices security measures Keep it enabled,Not Dark Pattern
Weve updated our data policies Review and accept to proceed,Forced Action
This is a clearance sale Limited stock available,Urgency
Dont miss our exclusive event Join now and enjoy,Forced Action
This plan is worry free No hidden charges or fees,Not Dark Pattern
Your subscription is about to renew Cancel anytime,Forced Action
This setting improves your devices battery performance Keep it enabled,Not Dark Pattern
Weve updated our privacy tools Adjust to continue,Forced Action
This deal is online exclusive Act now to save big,Urgency
Your subscription preferences can be updated anytime Review now,Not Dark Pattern
This setting improves performance Keep it enabled for best results,Not Dark Pattern
Weve updated our terms Review and accept the changes,Forced Action
This is a one time opportunity Act now or miss out,Urgency
Dont want to see this ad Support us by whitelisting,Forced Action
This plan is a limited time offer Act now,Scarcity
Your subscription is about to expire Manage your plan now,Forced Action
This setting improves your devices responsiveness Keep it enabled,Not Dark Pattern
Weve updated our data policies Review and agree to continue,Forced Action
This is a flash giveaway Only for our early birds,Urgency
Dont want to miss exclusive content Enable browser notifications,Forced Action
This plan is flexible and adaptable Choose what you need,Not Dark Pattern
Your free trial period is ending soon Upgrade now,Forced Action
This setting improves your devices thermal performance Keep it enabled,Not Dark Pattern
Weve updated our terms and conditions Your use signifies agreement,Forced Action
This is a clearance blowout Prices wont get lower,Urgency
Dont want to see this ad Support us by purchasing a pass,Forced Action
This plan is a community favorite Join a supportive network,Social Proof
Your subscription is about to auto renew Cancel if needed,Forced Action
This setting improves your devices longevity Keep it enabled,Not Dark Pattern
Weve updated our cookie policy Your continued browsing agrees,Forced Action
This is a limited edition release Collectible item,Scarcity
Dont want to miss exclusive rewards Sign up for our program,Forced Action
This plan is transparent and honest No hidden surprises,Not Dark Pattern
Your free trial has ended Upgrade now to continue,Forced Action
This setting improves your devices security protocols Keep it enabled,Not Dark Pattern
Weve updated our privacy settings Adjust to keep using our app,Forced Action
This is a flash sale preview Be the first to know,Urgency
Dont miss our latest updates Follow us on social media,Forced Action
This plan is customizable to your needs Build your own,Not Dark Pattern
Your subscription will auto renew soon Manage your preferences now,Forced Action
This setting improves your devices stability and performance Keep it enabled,Not Dark Pattern
Weve updated our terms of service Your continued use agrees,Forced Action
This is a one time clearance event Everything on sale,Urgency
Dont want to see this ad Support us by subscribing to our newsletter,Forced Action
This plan is a customer favorite Join millions of happy users,Social Proof
Your free trial is ending Continue to keep accessing our service,Forced Action
This setting improves your devices update process Keep it enabled,Not Dark Pattern
Weve updated our privacy notice Review and accept to continue,Forced Action
This is a flash giveaway Limited quantity available,Urgency
Dont want to miss exclusive deals Enable personalized ads,Forced Action
This plan is simple No complicated features or fees,Not Dark Pattern
Your subscription is about to auto renew Cancel now if needed,Forced Action
This setting improves your devices update frequency Keep it enabled,Not Dark Pattern
Weve updated our data practices Accept to keep using our app,Forced Action
This is a clearance event Prices starting at rock bottom,Urgency
Dont want to miss out on rewards Join our loyalty program,Forced Action
This plan is tailored to your budget Choose your features,Not Dark Pattern
Your free trial has ended Become a member to continue,Forced Action
This setting improves your devices standby time Keep it enabled,Not Dark Pattern
Weve updated our privacy tools Adjust for continued use,Forced Action
This is a one time opportunity Dont let it pass by,Urgency
Dont want to see this ad Please consider donating,Forced Action
This plan is a limited time offer Act now to secure,Scarcity
Your subscription is about to expire Renew now to continue,Forced Action
This setting improves your devices responsiveness and performance Keep it enabled,Not Dark Pattern
Weve updated our data policies Review and agree to continue,Forced Action
This is a flash giveaway Only the first 100 customers,Urgency
Dont want to miss exclusive content Enable notifications for updates,Forced Action
This plan is flexible No long term commitments,Not Dark Pattern
Your free trial period is ending Subscribe now to continue,Forced Action
This setting improves your devices cooling efficiency Keep it enabled,Not Dark Pattern
Weve updated our terms and conditions Accept to proceed,Forced Action
This is a clearance blowout Prices slashed further,Urgency
Dont want to see this ad Support us by purchasing a subscription,Forced Action
This plan is a community favorite Join a supportive network of users,Social Proof
Your subscription is about to auto renew Cancel now to avoid charges,Forced Action
This setting improves your devices longevity and performance Keep it enabled,Not Dark Pattern
Weve updated our cookie policy Your continued browsing agrees to terms,Forced Action
This is a limited edition offer Only available in store,Scarcity
Dont want to miss exclusive rewards Sign up for our rewards program,Forced Action
This plan is transparent No hidden fees or surprises,Not Dark Pattern
Your free trial has ended Upgrade now to keep accessing,Forced Action
This setting improves your devices security and privacy Keep it enabled,Not Dark Pattern
Weve updated our privacy settings Adjust to keep using our app,Forced Action
This is a flash sale Prices drop for a limited time,Urgency
Dont want to miss exclusive events RSVP now,Forced Action
This plan is flexible and adaptable No long term contracts,Not Dark Pattern
Your subscription is about to expire Manage your plan now,Forced Action
This setting improves your devices performance and responsiveness Keep it enabled,Not Dark Pattern
Weve updated our cookie policy Accept to continue,Forced Action
This is a clearance event Prices slashed storewide,Urgency
Dont want to miss out on our exclusive sale Join our email list,Forced Action
This plan is exclusive No long term contracts required,Not Dark Pattern
Your free trial period is ending Become a member to continue,Forced Action
This setting improves your devices performance and power efficiency Keep it enabled,Not Dark Pattern
Weve updated our privacy tools Adjust to continue,Forced Action
This is a one day flash sale Dont miss this deal,Urgency
Dont want to see this ad Support us by whitelisting our site,Forced Action
This plan is a limited release Act now to get it,Scarcity
Your subscription is about to auto renew Manage your account,Forced Action
This setting improves your devices performance and stability Keep it enabled,Not Dark Pattern
Weve updated our data policies Review and agree to continue,Forced Action
This is a flash giveaway Only for our loyal customers,Urgency
Dont want to miss exclusive rewards Join our membership program,Forced Action
This plan is flexible No long term commitments required,Not Dark Pattern
Your free trial period is ending soon Upgrade now to continue,Forced Action
This setting improves your devices performance and update process Keep it enabled,Not Dark Pattern
Weve updated our terms and conditions Your use signifies agreement,Forced Action
This is a clearance blowout Prices too low to show,Urgency
Dont want to see this ad Support us by purchasing a pass,Forced Action
This plan is a community favorite Join a supportive network,Social Proof
Your subscription is about to auto renew Cancel if needed,Forced Action
This setting improves your devices longevity Keep it enabled,Not Dark Pattern
Weve updated our cookie policy Your continued browsing agrees to terms,Forced Action
This is a limited edition release Collect them all,Scarcity
Dont want to miss exclusive rewards Sign up for our program,Forced Action
This plan is transparent and honest No hidden surprises,Not Dark Pattern
Your free trial has ended Upgrade now to continue,Forced Action
This setting improves your devices security protocols Keep it enabled,Not Dark Pattern
Weve updated our privacy settings Adjust to keep using our app,Forced Action
This is a flash sale preview Be the first to shop,Urgency
Dont miss our latest updates Follow us on social media,Forced Action
This plan is customizable to your needs Build your own,Not Dark Pattern
Your subscription will auto renew soon Manage your preferences,Forced Action
This setting improves your devices stability and performance Keep it enabled,Not Dark Pattern
Weve updated our terms of service Your continued use agrees,Forced Action
This is a one time clearance sale Everything on sale,Urgency
Dont want to see this ad Support us by subscribing to our newsletter,Forced Action
This plan is a customer favorite Join millions of happy users,Social Proof
Your free trial is ending Continue to keep accessing our service,Forced Action
This setting improves your devices update process Keep it enabled,Not Dark Pattern
Weve updated our privacy notice Review and accept to continue,Forced Action
This is a flash giveaway Limited quantity available,Urgency
Dont want to miss exclusive deals Enable personalized ads,Forced Action
This plan is simple No complicated features or fees,Not Dark Pattern
Your subscription is about to auto renew Cancel now if needed,Forced Action
This setting improves your devices update frequency Keep it enabled,Not Dark Pattern
Weve updated our data practices Accept to keep using our app,Forced Action
This is a clearance event Prices starting at rock bottom,Urgency
Dont want to miss out on rewards Join our loyalty club,Forced Action
This plan is tailored to your budget Choose your features,Not Dark Pattern
Your free trial has ended Become a member to continue,Forced Action
This setting improves your devices standby time Keep it enabled,Not Dark Pattern
Weve updated our privacy tools Adjust for continued use,Forced Action
This is a one time opportunity Dont let it pass by,Urgency
Dont want to see this ad Please consider donating,Forced Action
This plan is a limited time offer Act now to secure,Scarcity
Your subscription is about to expire Renew now to continue,Forced Action
This setting improves your devices responsiveness Keep it enabled,Not Dark Pattern
Weve updated our data policies Review and agree to continue,Forced Action
This is a flash giveaway Only for our early birds,Urgency
Dont want to miss exclusive content Enable browser notifications,Forced Action
This plan is flexible and adaptable Choose what you need,Not Dark Pattern
Your free trial period is ending soon Upgrade now,Forced Action
This setting improves your devices thermal performance Keep it enabled,Not Dark Pattern
Weve updated our terms and conditions Your use signifies agreement,Forced Action
This is a clearance blowout Prices wont get lower,Urgency
Dont want to see this ad Support us by purchasing a pass,Forced Action
This plan is a community favorite Join a supportive network,Social Proof
Your subscription is about to auto renew Cancel if needed,Forced Action
This setting improves your devices longevity Keep it enabled,Not Dark Pattern
Weve updated our cookie policy Your continued browsing agrees,Forced Action
This is a limited edition release Only available online,Scarcity
Dont want to miss exclusive rewards Sign up for our program,Forced Action
This plan is transparent and honest No hidden surprises,Not Dark Pattern
Your free trial has ended Upgrade now to continue,Forced Action
This setting improves your devices security protocols Keep it enabled,Not Dark Pattern
Weve updated our privacy settings Adjust to keep using our app,Forced Action
This is a flash sale preview Be the first to know,Urgency
Dont miss our latest updates Follow us on social media,Forced Action
This plan is customizable to your needs Build your own,Not Dark Pattern
Your subscription will auto renew soon Manage your preferences now,Forced Action
This setting improves your devices stability and performance Keep it enabled,Not Dark Pattern
Weve updated our terms of service Your continued use agrees,Forced Action
This is a one time clearance event Everything on sale,Urgency
Dont want to see this ad Support us by subscribing to our newsletter,Forced Action
This plan is a customer favorite Join millions of happy users,Social Proof
Your free trial is ending Continue to keep accessing our service,Forced Action
This setting improves your devices update process Keep it enabled,Not Dark Pattern
Weve updated our privacy notice Review and accept to continue,Forced Action
This is a flash giveaway Limited quantity available,Urgency
Dont want to miss exclusive deals Enable personalized ads,Forced Action
This plan is simple No complicated features or fees,Not Dark Pattern
Your subscription is about to auto renew Cancel now if needed,Forced Action
This setting improves your devices update frequency Keep it enabled,Not Dark Pattern
Weve updated our data practices Accept to keep using our app,Forced Action
This is a clearance event Prices starting at rock bottom,Urgency
Dont want to miss out on rewards Join our loyalty program,Forced Action
This plan is tailored to your budget Choose your features,Not Dark Pattern
Your free trial has ended Become a member to continue,Forced Action
This setting improves your devices standby time Keep it enabled,Not Dark Pattern
Weve updated our privacy tools Adjust for continued use,Forced Action
This is a one time opportunity Dont let it pass by,Urgency
Dont want to see this ad Please consider donating,Forced Action
This plan is a limited time offer Act now,Scarcity
Your subscription is about to expire Renew now to continue,Forced Action
This setting improves your devices responsiveness and performance Keep it enabled,Not Dark Pattern
Weve updated our data policies Review and agree to continue,Forced Action
This is a flash giveaway Only the first 100 customers,Urgency
Dont want to miss exclusive content Enable notifications for updates,Forced Action
This plan is flexible No long term commitments,Not Dark Pattern
Your free trial period is ending Subscribe now to continue,Forced Action
This setting improves your devices cooling efficiency Keep it enabled,Not Dark Pattern
Weve updated our terms and conditions Accept to proceed,Forced Action
This is a clearance blowout Prices slashed further,Urgency
Dont want to see this ad Support us by purchasing a subscription,Forced Action
This plan is a community favorite Join a supportive network of users,Social Proof
Your subscription is about to auto renew Cancel now to avoid charges,Forced Action
This setting improves your devices longevity and performance Keep it enabled,Not Dark Pattern

