no,sentence
1,Show all data We would like to send you awesome offers!
2,Notifications can be turned off anytime from settings.
3,NOT NOW Allow We would like to send you awesome offers!
4,Notifications can be turned off anytime from settings.
5,NOT NOW Allow We would like to send you awesome offers!
6,Notifications can be turned off anytime from settings.
7,We would like to send you awesome offers!
8,Notifications can be turned off anytime from settings.
9,"NOT NOW Allow v2 Brand Waali Quality, Bazaar Waali Deal!"
10,Impact@Snapdeal Gift Cards Help Center Sell On Snapdeal Download App How can we help you?
11,Sorry!!
12,"No result found for ""OK"".Please press enter for search."
13,Visit Help Center Search Recent Searches CLEAR Trending Searches kurta ladies watch women sunglasses cotton sarees water bottle lunch box mixer grinder handbag Cart 0 Item(s) Added To cart Qty.
14,VIEW ALL Sign In Orders Shortlist E-Gift Voucher Logout Your Account Your Orders Shortlist If you are a new user Register login Help Center How can we help you?
15,Something went wrong.
16,Please refresh the page and try again.
17,Something went wrong.
18,Please refresh the page and try again.
19,Exchange offer not applicable.
20,New product price is lower than exchange product price Please check the updated No Cost EMI details on the payment page Exchange offer is not applicable with this product Exchange Offer cannot be clubbed with Bajaj Finserv for this product Product price & seller has been updated as per Bajaj Finserv EMI option Please apply exchange offer again Your item has been added to Shortlist.
21,"View All Your Item has been added to Shopping List View All v2 Brand Waali Quality, Bazaar Waali Deal!"
22,Impact@Snapdeal Gift Cards Help Center Sell On Snapdeal Download App How can we help you?
23,Sorry!!
24,"No result found for ""OK"".Please press enter for search."
25,Visit Help Center Search Recent Searches CLEAR Trending Searches kurta ladies watch women sunglasses cotton sarees water bottle lunch box mixer grinder handbag Cart 0 Item(s) Added To cart Qty.
26,VIEW ALL Sign In Orders Shortlist E-Gift Voucher Logout Your Account Your Orders Shortlist If you are a new user Register login Help Center How can we help you?
27,Something went wrong.
28,Please refresh the page and try again.
29,Something went wrong.
30,Please refresh the page and try again.
31,"Brand Waali Quality, Bazaar Waali Deal!"
32,"Impact@Snapdeal Gift Cards Help Center Sell On Snapdeal Download App Brand Waali Quality, Bazaar Waali Deal!"
33,Impact@Snapdeal Gift Cards Help Center Sell On Snapdeal Download App Impact@Snapdeal Impact@Snapdeal Gift Cards Gift Cards Help Center Help Center Sell On Snapdeal Sell On Snapdeal Download App Download App How can we help you?
34,Sorry!!
35,"No result found for ""OK"".Please press enter for search."
36,Visit Help Center How can we help you?
37,Sorry!!
38,"No result found for ""OK"".Please press enter for search."
39,Visit Help Center How can we help you?
40,Sorry!!
41,"No result found for ""OK"".Please press enter for search."
42,Visit Help Center How can we help you?
43,Sorry!!
44,"No result found for ""OK"".Please press enter for search."
45,Sorry!!
46,"No result found for ""OK"".Please press enter for search."
47,Sorry!!
48,"No result found for ""OK"".Please press enter for search."
49,Visit Help Center Visit Help Center Visit Help Center Search Recent Searches CLEAR Trending Searches kurta ladies watch women sunglasses cotton sarees water bottle lunch box mixer grinder handbag Cart 0 Item(s) Added To cart Qty.
50,VIEW ALL Sign In Orders Shortlist E-Gift Voucher Logout Your Account Your Orders Shortlist If you are a new user Register login Help Center How can we help you?
51,Something went wrong.
52,Please refresh the page and try again.
53,Search Recent Searches CLEAR Trending Searches kurta ladies watch women sunglasses cotton sarees water bottle lunch box mixer grinder handbag Cart 0 Item(s) Added To cart Qty.
54,VIEW ALL Sign In Orders Shortlist E-Gift Voucher Logout Your Account Your Orders Shortlist If you are a new user Register login Help Center How can we help you?
55,Something went wrong.
56,Please refresh the page and try again.
57,Search Recent Searches CLEAR Trending Searches kurta ladies watch women sunglasses cotton sarees water bottle lunch box mixer grinder handbag Search Recent Searches CLEAR Trending Searches kurta ladies watch women sunglasses cotton sarees water bottle lunch box mixer grinder handbag Recent Searches CLEAR Trending Searches kurta ladies watch women sunglasses cotton sarees water bottle lunch box mixer grinder handbag Recent Searches CLEAR Trending Searches kurta ladies watch women sunglasses cotton sarees water bottle lunch box mixer grinder handbag Recent Searches CLEAR Recent Searches CLEAR Recent Searches CLEAR Trending Searches kurta ladies watch women sunglasses cotton sarees water bottle lunch box mixer grinder handbag Trending Searches Trending Searches kurta kurta kurta ladies watch women ladies watch women ladies watch women sunglasses sunglasses sunglasses cotton sarees cotton sarees cotton sarees water bottle water bottle water bottle lunch box lunch box lunch box mixer grinder mixer grinder mixer grinder handbag handbag handbag Cart 0 Item(s) Added To cart Qty.
58,VIEW ALL Sign In Orders Shortlist E-Gift Voucher Logout Your Account Your Orders Shortlist If you are a new user Register login Cart 0 Cart 0 Cart 0 Item(s) Added To cart Qty.
59,VIEW ALL Item(s) Added To cart Qty.
60,Item(s) Added To cart Qty.
61,Item(s) Added To cart Qty.
62,VIEW ALL Sign In Orders Shortlist E-Gift Voucher Logout Your Account Your Orders Shortlist If you are a new user Register login Sign In Orders Shortlist E-Gift Voucher Logout Your Account Your Orders Shortlist If you are a new user Register login Sign In Orders Shortlist E-Gift Voucher Logout Your Account Your Orders Shortlist If you are a new user Register login Orders Shortlist E-Gift Voucher Logout Orders Shortlist E-Gift Voucher Logout Orders Shortlist E-Gift Voucher Logout Orders Orders Shortlist Shortlist E-Gift Voucher E-Gift Voucher Logout Logout Your Account Your Orders Shortlist If you are a new user Register login Your Account Your Orders Shortlist Your Account Your Orders Shortlist Your Account Your Account Your Orders Your Orders Shortlist Shortlist If you are a new user Register login If you are a new user If you are a new user Register login login Help Center How can we help you?
63,Help Center Help Center Help Center How can we help you?
64,How can we help you?
65,Something went wrong.
66,Please refresh the page and try again.
67,Something went wrong.
68,Please refresh the page and try again.
69,Something went wrong.
70,Please refresh the page and try again.
71,Something went wrong.
72,Please refresh the page and try again.
73,Something went wrong.
74,Please refresh the page and try again.
75,Something went wrong.
76,Please refresh the page and try again.
77,Something went wrong.
78,Please refresh the page and try again.
79,Something went wrong.
80,Please refresh the page and try again.
81,Exchange offer not applicable.
82,New product price is lower than exchange product price Exchange offer not applicable.
83,New product price is lower than exchange product price Please check the updated No Cost EMI details on the payment page Please check the updated No Cost EMI details on the payment page Exchange offer is not applicable with this product Exchange offer is not applicable with this product Exchange Offer cannot be clubbed with Bajaj Finserv for this product Exchange Offer cannot be clubbed with Bajaj Finserv for this product Product price & seller has been updated as per Bajaj Finserv EMI option Product price & seller has been updated as per Bajaj Finserv EMI option Please apply exchange offer again Please apply exchange offer again Your item has been added to Shortlist.
84,View All Your item has been added to Shortlist.
85,View All View All Your Item has been added to Shopping List View All Your Item has been added to Shopping List View All View All Remove Item/s Remove below items from the cart Confirm Cancel Remove Item/s Remove below items from the cart Return form will be sent to your email Id: Return form will be sent to your email Id: Return form will be sent to your email Id: Return form will be sent to your email Id: Return form will be sent to your email Id: Return form will be sent to your email Id: Want this item in next 24 hours?
86,Get an instant SMS with a link to download the Snapdeal App Enter mobile no +91 Please Enter a Valid 10 Digit Number.
87,"Yes, Send Me A Link To The App GET SMS SDL890408077 {""SDL890408077"":null} Home 217, 129, 4130, , / Home Decoratives / Religion & Spirituality / Rudraksha / Bhawna Collection Loard Shiv Trishul Damru Locket With Puchmukhi Rudraksha Mala Gold-plated Brass, Wood For Men & Women Compare Products Clear All Let's Compare!"
88,Selection Error!
89,You have reached the maximum number of selection.
90,You can select only upto 4 items to compare.
91,You have already selected this product.
92,"OK View Order Free Installation Hover to zoom Bhawna Collection Loard Shiv Trishul Damru Locket With Puchmukhi Rudraksha Mala Gold-plated Brass, Wood For Men & Women serviceCentreDetails 3.9 19908 249 (3.9) 19908 Ratings 249 Reviews 51 Selfies Have a question?"
93,MRP Rs 999 [85% OFF] save Rs 846 MRP Rs.
94,999 (Inclusive of all taxes) Rs.
95,"153 85% OFF Inclusive of all taxes Remove No Cost EMI of Zero Emi Vendor applied on the product You selected EMI of for monthsChange (1) Offers | Applicable on cart Apply for a Snapdeal BOB Credit Card & get 5% Unlimited Cashback T&C add to cart buy now Delivery check Generally delivered in 6 - 10 days Item not available at this location, please try another pincode Item is available at ."
96,Change Delivery in 6-10 days Free hrrhrhrhhr Delivery Charges: Rs.
97,0 Additional Handling Charges are levied for other expenses incurred while delivering to your location More Delivery Options Delivery in 6-10 days.
98,Free Delivery Charges: Rs.
99,0 Additional Handling Charges are levied for other expenses incurred while delivering to your location Standard Delivery (FREE) Order & get it delivered in 2 business day(s) .
100,Free /span> Additional Handling Charges are levied for other expenses incurred while delivering to your location .
101,Free Additional Handling Charges are levied for other expenses incurred while delivering to your location .
102,Free Additional Handling Charges are levied for other expenses incurred while delivering to your location .
103,You can select the delivery speed at checkout Faster delivery guarantee: - Available for select products & pincodes - Select options during checkout - Delivery charges include area handling charges & have money back guarantee * (*Refer FAQs for detailed T&C) Delivery charges include area handling charges & have money back guarantee * (*Refer FAQs for detailed T&C) Shipping Charges : Rs.
104,0 Area Based Handling Charges : Rs.
105,0 Know More 0 We will let you know when in stock notify me Please Fill Valid Email ID Thank you for your interestYou will be notified when this product will be in stock Material:Wood No.
106,of Pieces:1 Product Length (cm):5 Product Width (cm):5 Product Height (cm):5 View all item details 7 Days Easy Returns We assure easy return exchange of purchased items within 7 days of delivery.
107,Know More IMEI Number SUBMIT Dial *#06# to get your IMEI Number I agree to the Terms and Conditions.
108,"Please Accept to Proceed Further NOTE: In case of device support issues, try new Snapdeal App."
109,Exchange device should not be broken & it should be in working condition.
110,How It Works?
111,IMEI Number Edit Model Exchange Price Rs.
112,Exchange Discount Summary 153 Rs.
113,Exchange Discount -Rs.
114,Final Price Rs.
115,I agree to the Terms and Conditions.
116,NOTE: Try new Snapdeal App for higher exchange discount.
117,Exchange device should not be broken & it should be in working condition.
118,How It Works?
119,Apply Exchange Featured Item Details Ratings & Reviews Questions & Answers Highlights Material:Wood No.
120,"of Pieces:1 Product Length (cm):5 Product Width (cm):5 Product Height (cm):5 Disclaimer: Keep Away From Water Perfume And Other Chemicals And Clean It With Dry And Soft Cloth In Box: 1 Pcs Mala Type:- Gold Plated Cap Rudraksha Mala SUPC: SDL890408077 Other Specifications Other Details Country of Origin or Manufacture or Assembly India Common or Generic Name of the commodity Rudraksha Manufacturer's Name & Address Packer's Name & Address Marketer's Name & Address Importer's Name & Address Description Loard Shiv Trishul Damru Locket With Puchmukhi Rudraksha Mala Gold-plated Brass, Wood Keep Away From Water Perfume And Other Chemicals And Clean It With Dry And Soft Cloth Terms & Conditions The images represent actual product though color of the image and product may slightly differ."
121,Was this information helpful to you?
122,Yes No Select an issue Wrong information Missing information MRP mismatch Image not matching the description Insufficient number of images Submit Thank You for submitting your response.
123,Quick links Product Type: Religion & Spirituality Rudraksha Brand: jsk collection Customer Product Selfies Seller Details View Store soni jewellery (4.2) Expand your business to millions of customers Sell this item on Snapdeal Sold by SONI JEWELLERY (4.2) View Store 5 more sellers starting from Rs.
124,"153 Sell on Snapdeal Explore MoreRudraksha More Rudraksha From jsk collection In Same Price Bhawna Collection Loard Shiv Trishul Damru Locket With Puchmukhi Rudraksha Mala Gold-plated Brass, Wood For Men & Women Rs."
125,153 Rs.
126,999 Buy now Loading... Load More Want this item in next 24 hours?
127,Get an instant SMS with a link to download the Snapdeal App Enter mobile no +91 Please Enter a Valid 10 Digit Number.
128,"Yes, Send Me A Link To The App GET SMS Want this item in next 24 hours?"
129,Get an instant SMS with a link to download the Snapdeal App Enter mobile no +91 Please Enter a Valid 10 Digit Number.
130,"Yes, Send Me A Link To The App GET SMS Want this item in next 24 hours?"
131,Get an instant SMS with a link to download the Snapdeal App Want this item in next 24 hours?
132,Get an instant SMS with a link to download the Snapdeal App +91 Please Enter a Valid 10 Digit Number.
133,"Yes, Send Me A Link To The App GET SMS SDL890408077 {""SDL890408077"":null} Home 217, 129, 4130, , / Home Decoratives / Religion & Spirituality / Rudraksha / Bhawna Collection Loard Shiv Trishul Damru Locket With Puchmukhi Rudraksha Mala Gold-plated Brass, Wood For Men & Women Home 217, 129, 4130, , / Home Decoratives / Religion & Spirituality / Rudraksha / Bhawna Collection Loard Shiv Trishul Damru Locket With Puchmukhi Rudraksha Mala Gold-plated Brass, Wood For Men & Women Home Home Home 217, 129, 4130, , / Home Decoratives / Religion & Spirituality / Rudraksha / Bhawna Collection Loard Shiv Trishul Damru Locket With Puchmukhi Rudraksha Mala Gold-plated Brass, Wood For Men & Women 217, 129, 4130, , / Home Decoratives Home Decoratives Home Decoratives / Religion & Spirituality Religion & Spirituality Religion & Spirituality / Rudraksha Rudraksha Rudraksha / Bhawna Collection Loard Shiv Trishul Damru Locket With Puchmukhi Rudraksha Mala Gold-plated Brass, Wood For Men & Women Bhawna Collection Loard Shiv Trishul Damru Locket With Puchmukhi Rudraksha Mala Gold-plated Brass, Wood For Men & Women Compare Products Clear All Let's Compare!"
134,Selection Error!
135,You have reached the maximum number of selection.
136,You can select only upto 4 items to compare.
137,You have already selected this product.
138,OK Compare Products Clear All Let's Compare!
139,Compare Products Compare Products Clear All Let's Compare!
140,Clear All Let's Compare!
141,Selection Error!
142,You have reached the maximum number of selection.
143,You can select only upto 4 items to compare.
144,You have already selected this product.
145,OK Selection Error!
146,You have reached the maximum number of selection.
147,You can select only upto 4 items to compare.
148,You have already selected this product.
149,"OK OK View Order View Order Free Installation Hover to zoom Bhawna Collection Loard Shiv Trishul Damru Locket With Puchmukhi Rudraksha Mala Gold-plated Brass, Wood For Men & Women serviceCentreDetails 3.9 19908 249 (3.9) 19908 Ratings 249 Reviews 51 Selfies Have a question?"
150,MRP Rs 999 [85% OFF] save Rs 846 MRP Rs.
151,999 (Inclusive of all taxes) Rs.
152,"153 85% OFF Inclusive of all taxes Remove No Cost EMI of Zero Emi Vendor applied on the product You selected EMI of for monthsChange (1) Offers | Applicable on cart Apply for a Snapdeal BOB Credit Card & get 5% Unlimited Cashback T&C add to cart buy now Delivery check Generally delivered in 6 - 10 days Item not available at this location, please try another pincode Item is available at ."
153,Change Delivery in 6-10 days Free hrrhrhrhhr Delivery Charges: Rs.
154,0 Additional Handling Charges are levied for other expenses incurred while delivering to your location More Delivery Options Delivery in 6-10 days.
155,Free Delivery Charges: Rs.
156,0 Additional Handling Charges are levied for other expenses incurred while delivering to your location Standard Delivery (FREE) Order & get it delivered in 2 business day(s) .
157,Free /span> Additional Handling Charges are levied for other expenses incurred while delivering to your location .
158,Free Additional Handling Charges are levied for other expenses incurred while delivering to your location .
159,Free Additional Handling Charges are levied for other expenses incurred while delivering to your location .
160,You can select the delivery speed at checkout Faster delivery guarantee: - Available for select products & pincodes - Select options during checkout - Delivery charges include area handling charges & have money back guarantee * (*Refer FAQs for detailed T&C) Delivery charges include area handling charges & have money back guarantee * (*Refer FAQs for detailed T&C) Shipping Charges : Rs.
161,0 Area Based Handling Charges : Rs.
162,0 Know More 0 We will let you know when in stock notify me Please Fill Valid Email ID Thank you for your interestYou will be notified when this product will be in stock Material:Wood No.
163,of Pieces:1 Product Length (cm):5 Product Width (cm):5 Product Height (cm):5 View all item details 7 Days Easy Returns We assure easy return exchange of purchased items within 7 days of delivery.
164,"Know More Free Installation Hover to zoom Free Installation Hover to zoom Free Installation Free Installation Free Installation Hover to zoom Hover to zoom Bhawna Collection Loard Shiv Trishul Damru Locket With Puchmukhi Rudraksha Mala Gold-plated Brass, Wood For Men & Women serviceCentreDetails 3.9 19908 249 (3.9) 19908 Ratings 249 Reviews 51 Selfies Have a question?"
165,MRP Rs 999 [85% OFF] save Rs 846 MRP Rs.
166,999 (Inclusive of all taxes) Rs.
167,"153 85% OFF Inclusive of all taxes Remove No Cost EMI of Zero Emi Vendor applied on the product You selected EMI of for monthsChange (1) Offers | Applicable on cart Apply for a Snapdeal BOB Credit Card & get 5% Unlimited Cashback T&C add to cart buy now Delivery check Generally delivered in 6 - 10 days Item not available at this location, please try another pincode Item is available at ."
168,Change Delivery in 6-10 days Free hrrhrhrhhr Delivery Charges: Rs.
169,0 Additional Handling Charges are levied for other expenses incurred while delivering to your location More Delivery Options Delivery in 6-10 days.
170,Free Delivery Charges: Rs.
171,0 Additional Handling Charges are levied for other expenses incurred while delivering to your location Standard Delivery (FREE) Order & get it delivered in 2 business day(s) .
172,Free /span> Additional Handling Charges are levied for other expenses incurred while delivering to your location .
173,Free Additional Handling Charges are levied for other expenses incurred while delivering to your location .
174,Free Additional Handling Charges are levied for other expenses incurred while delivering to your location .
175,You can select the delivery speed at checkout Faster delivery guarantee: - Available for select products & pincodes - Select options during checkout - Delivery charges include area handling charges & have money back guarantee * (*Refer FAQs for detailed T&C) Delivery charges include area handling charges & have money back guarantee * (*Refer FAQs for detailed T&C) Shipping Charges : Rs.
176,0 Area Based Handling Charges : Rs.
177,0 Know More 0 We will let you know when in stock notify me Please Fill Valid Email ID Thank you for your interestYou will be notified when this product will be in stock Material:Wood No.
178,of Pieces:1 Product Length (cm):5 Product Width (cm):5 Product Height (cm):5 View all item details 7 Days Easy Returns We assure easy return exchange of purchased items within 7 days of delivery.
179,"Know More Bhawna Collection Loard Shiv Trishul Damru Locket With Puchmukhi Rudraksha Mala Gold-plated Brass, Wood For Men & Women serviceCentreDetails 3.9 19908 249 (3.9) 19908 Ratings 249 Reviews 51 Selfies Have a question?"
180,MRP Rs 999 [85% OFF] save Rs 846 MRP Rs.
181,999 (Inclusive of all taxes) Rs.
182,"153 85% OFF Inclusive of all taxes Remove No Cost EMI of Zero Emi Vendor applied on the product You selected EMI of for monthsChange (1) Offers | Applicable on cart Apply for a Snapdeal BOB Credit Card & get 5% Unlimited Cashback T&C add to cart buy now Delivery check Generally delivered in 6 - 10 days Item not available at this location, please try another pincode Item is available at ."
183,Change Delivery in 6-10 days Free hrrhrhrhhr Delivery Charges: Rs.
184,0 Additional Handling Charges are levied for other expenses incurred while delivering to your location More Delivery Options Delivery in 6-10 days.
185,Free Delivery Charges: Rs.
186,0 Additional Handling Charges are levied for other expenses incurred while delivering to your location Standard Delivery (FREE) Order & get it delivered in 2 business day(s) .
187,Free /span> Additional Handling Charges are levied for other expenses incurred while delivering to your location .
188,Free Additional Handling Charges are levied for other expenses incurred while delivering to your location .
189,Free Additional Handling Charges are levied for other expenses incurred while delivering to your location .
190,You can select the delivery speed at checkout Faster delivery guarantee: - Available for select products & pincodes - Select options during checkout - Delivery charges include area handling charges & have money back guarantee * (*Refer FAQs for detailed T&C) Delivery charges include area handling charges & have money back guarantee * (*Refer FAQs for detailed T&C) Shipping Charges : Rs.
191,0 Area Based Handling Charges : Rs.
192,0 Know More 0 We will let you know when in stock notify me Please Fill Valid Email ID Thank you for your interestYou will be notified when this product will be in stock Material:Wood No.
193,of Pieces:1 Product Length (cm):5 Product Width (cm):5 Product Height (cm):5 View all item details 7 Days Easy Returns We assure easy return exchange of purchased items within 7 days of delivery.
194,"Know More Bhawna Collection Loard Shiv Trishul Damru Locket With Puchmukhi Rudraksha Mala Gold-plated Brass, Wood For Men & Women serviceCentreDetails 3.9 19908 249 (3.9) 19908 Ratings 249 Reviews 51 Selfies Have a question?"
195,MRP Rs 999 [85% OFF] save Rs 846 MRP Rs.
196,999 (Inclusive of all taxes) Rs.
197,"153 85% OFF Inclusive of all taxes Remove No Cost EMI of Zero Emi Vendor applied on the product You selected EMI of for monthsChange (1) Offers | Applicable on cart Apply for a Snapdeal BOB Credit Card & get 5% Unlimited Cashback T&C add to cart buy now Delivery check Generally delivered in 6 - 10 days Item not available at this location, please try another pincode Item is available at ."
198,Change Delivery in 6-10 days Free hrrhrhrhhr Delivery Charges: Rs.
199,0 Additional Handling Charges are levied for other expenses incurred while delivering to your location More Delivery Options Delivery in 6-10 days.
200,Free Delivery Charges: Rs.
201,0 Additional Handling Charges are levied for other expenses incurred while delivering to your location Standard Delivery (FREE) Order & get it delivered in 2 business day(s) .
202,Free /span> Additional Handling Charges are levied for other expenses incurred while delivering to your location .
203,Free Additional Handling Charges are levied for other expenses incurred while delivering to your location .
204,Free Additional Handling Charges are levied for other expenses incurred while delivering to your location .
205,You can select the delivery speed at checkout Faster delivery guarantee: - Available for select products & pincodes - Select options during checkout - Delivery charges include area handling charges & have money back guarantee * (*Refer FAQs for detailed T&C) Delivery charges include area handling charges & have money back guarantee * (*Refer FAQs for detailed T&C) Shipping Charges : Rs.
206,0 Area Based Handling Charges : Rs.
207,0 Know More 0 We will let you know when in stock notify me Please Fill Valid Email ID Thank you for your interestYou will be notified when this product will be in stock Material:Wood No.
208,of Pieces:1 Product Length (cm):5 Product Width (cm):5 Product Height (cm):5 View all item details 7 Days Easy Returns We assure easy return exchange of purchased items within 7 days of delivery.
209,"Know More Bhawna Collection Loard Shiv Trishul Damru Locket With Puchmukhi Rudraksha Mala Gold-plated Brass, Wood For Men & Women serviceCentreDetails 3.9 19908 249 (3.9) 19908 Ratings 249 Reviews 51 Selfies Have a question?"
210,"Bhawna Collection Loard Shiv Trishul Damru Locket With Puchmukhi Rudraksha Mala Gold-plated Brass, Wood For Men & Women Bhawna Collection Loard Shiv Trishul Damru Locket With Puchmukhi Rudraksha Mala Gold-plated Brass, Wood For Men & Women serviceCentreDetails 3.9 19908 249 (3.9) 19908 Ratings 249 Reviews 51 Selfies Have a question?"
211,serviceCentreDetails 3.9 19908 249 (3.9) 19908 Ratings 249 Reviews 51 Selfies Have a question?
212,3.9 19908 249 (3.9) 19908 Ratings 249 Reviews 51 Selfies Have a question?
213,3.9 19908 249 (3.9) 19908 Ratings 249 Reviews 51 Selfies Have a question?
214,3.9 19908 249 (3.9) 19908 Ratings 249 Reviews 249 Reviews 51 Selfies 51 Selfies Have a question?
215,Have a question?
216,Have a question?
217,MRP Rs 999 [85% OFF] save Rs 846 MRP Rs.
218,999 (Inclusive of all taxes) Rs.
219,153 85% OFF Inclusive of all taxes Remove No Cost EMI of Zero Emi Vendor applied on the product You selected EMI of for monthsChange (1) Offers | Applicable on cart Apply for a Snapdeal BOB Credit Card & get 5% Unlimited Cashback T&C MRP Rs 999 [85% OFF] save Rs 846 MRP Rs.
220,999 (Inclusive of all taxes) Rs.
221,153 85% OFF Inclusive of all taxes Remove No Cost EMI of Zero Emi Vendor applied on the product You selected EMI of for monthsChange (1) Offers | Applicable on cart Apply for a Snapdeal BOB Credit Card & get 5% Unlimited Cashback T&C MRP Rs 999 [85% OFF] save Rs 846 MRP Rs 999 [85% OFF] MRP Rs 999 [85% OFF] Rs 999 85 save Rs 846 save Rs 846 846 MRP Rs.
222,999 (Inclusive of all taxes) Rs.
223,153 85% OFF Inclusive of all taxes Remove No Cost EMI of Zero Emi Vendor applied on the product You selected EMI of for monthsChange (1) Offers | Applicable on cart Apply for a Snapdeal BOB Credit Card & get 5% Unlimited Cashback T&C MRP Rs.
224,999 (Inclusive of all taxes) Rs.
225,153 85% OFF Inclusive of all taxes Remove No Cost EMI of Zero Emi Vendor applied on the product You selected EMI of for monthsChange MRP Rs.
226,999 (Inclusive of all taxes) Rs.
227,153 85% OFF Inclusive of all taxes MRP Rs.
228,999 (Inclusive of all taxes) Rs.
229,153 85% OFF Inclusive of all taxes MRP Rs.
230,999 (Inclusive of all taxes) MRP (Inclusive of all taxes) Rs.
231,"153 153 85% OFF 85 Inclusive of all taxes Remove No Cost EMI of Zero Emi Vendor applied on the product You selected EMI of for monthsChange Remove No Cost EMI of Zero Emi Vendor applied on the product You selected EMI of for monthsChange Remove No Cost EMI of Zero Emi Vendor applied on the product You selected EMI of for monthsChange No Cost EMI of Zero Emi Vendor applied on the product Zero Emi Vendor You selected EMI of for months Change (1) Offers | Applicable on cart Apply for a Snapdeal BOB Credit Card & get 5% Unlimited Cashback T&C (1) Offers | Applicable on cart Apply for a Snapdeal BOB Credit Card & get 5% Unlimited Cashback T&C Apply for a Snapdeal BOB Credit Card & get 5% Unlimited Cashback T&C Apply for a Snapdeal BOB Credit Card & get 5% Unlimited Cashback T&C Apply for a Snapdeal BOB Credit Card & get 5% Unlimited Cashback T&C T&C T&C add to cart buy now Delivery check Generally delivered in 6 - 10 days Item not available at this location, please try another pincode Item is available at ."
232,Change Delivery in 6-10 days Free hrrhrhrhhr Delivery Charges: Rs.
233,0 Additional Handling Charges are levied for other expenses incurred while delivering to your location More Delivery Options Delivery in 6-10 days.
234,Free Delivery Charges: Rs.
235,0 Additional Handling Charges are levied for other expenses incurred while delivering to your location Standard Delivery (FREE) Order & get it delivered in 2 business day(s) .
236,Free /span> Additional Handling Charges are levied for other expenses incurred while delivering to your location .
237,Free Additional Handling Charges are levied for other expenses incurred while delivering to your location .
238,Free Additional Handling Charges are levied for other expenses incurred while delivering to your location .
239,You can select the delivery speed at checkout Faster delivery guarantee: - Available for select products & pincodes - Select options during checkout - Delivery charges include area handling charges & have money back guarantee * (*Refer FAQs for detailed T&C) Delivery charges include area handling charges & have money back guarantee * (*Refer FAQs for detailed T&C) Shipping Charges : Rs.
240,0 Area Based Handling Charges : Rs.
241,"0 Know More 0 add to cart buy now add to cart buy now add to cart buy now add to cart buy now add to cart buy now add to cart add to cart buy now buy now Delivery check Generally delivered in 6 - 10 days Item not available at this location, please try another pincode Item is available at ."
242,Change Delivery in 6-10 days Free hrrhrhrhhr Delivery Charges: Rs.
243,0 Additional Handling Charges are levied for other expenses incurred while delivering to your location More Delivery Options Delivery in 6-10 days.
244,Free Delivery Charges: Rs.
245,0 Additional Handling Charges are levied for other expenses incurred while delivering to your location Standard Delivery (FREE) Order & get it delivered in 2 business day(s) .
246,Free /span> Additional Handling Charges are levied for other expenses incurred while delivering to your location .
247,Free Additional Handling Charges are levied for other expenses incurred while delivering to your location .
248,Free Additional Handling Charges are levied for other expenses incurred while delivering to your location .
249,You can select the delivery speed at checkout Faster delivery guarantee: - Available for select products & pincodes - Select options during checkout - Delivery charges include area handling charges & have money back guarantee * (*Refer FAQs for detailed T&C) Delivery charges include area handling charges & have money back guarantee * (*Refer FAQs for detailed T&C) Shipping Charges : Rs.
250,0 Area Based Handling Charges : Rs.
251,"0 Know More 0 Delivery check Generally delivered in 6 - 10 days Item not available at this location, please try another pincode Item is available at ."
252,Change Delivery in 6-10 days Free hrrhrhrhhr Delivery Charges: Rs.
253,0 Additional Handling Charges are levied for other expenses incurred while delivering to your location More Delivery Options Delivery in 6-10 days.
254,Free Delivery Charges: Rs.
255,0 Additional Handling Charges are levied for other expenses incurred while delivering to your location Standard Delivery (FREE) Order & get it delivered in 2 business day(s) .
256,Free /span> Additional Handling Charges are levied for other expenses incurred while delivering to your location .
257,Free Additional Handling Charges are levied for other expenses incurred while delivering to your location .
258,Free Additional Handling Charges are levied for other expenses incurred while delivering to your location .
259,You can select the delivery speed at checkout Faster delivery guarantee: - Available for select products & pincodes - Select options during checkout - Delivery charges include area handling charges & have money back guarantee * (*Refer FAQs for detailed T&C) Delivery charges include area handling charges & have money back guarantee * (*Refer FAQs for detailed T&C) Shipping Charges : Rs.
260,0 Area Based Handling Charges : Rs.
261,"0 Know More 0 check Generally delivered in 6 - 10 days Item not available at this location, please try another pincode Item is available at ."
262,Change Delivery in 6-10 days Free hrrhrhrhhr Delivery Charges: Rs.
263,0 Additional Handling Charges are levied for other expenses incurred while delivering to your location More Delivery Options Delivery in 6-10 days.
264,Free Delivery Charges: Rs.
265,0 Additional Handling Charges are levied for other expenses incurred while delivering to your location Standard Delivery (FREE) Order & get it delivered in 2 business day(s) .
266,Free /span> Additional Handling Charges are levied for other expenses incurred while delivering to your location .
267,Free Additional Handling Charges are levied for other expenses incurred while delivering to your location .
268,Free Additional Handling Charges are levied for other expenses incurred while delivering to your location .
269,You can select the delivery speed at checkout Faster delivery guarantee: - Available for select products & pincodes - Select options during checkout - Delivery charges include area handling charges & have money back guarantee * (*Refer FAQs for detailed T&C) Delivery charges include area handling charges & have money back guarantee * (*Refer FAQs for detailed T&C) Shipping Charges : Rs.
270,0 Area Based Handling Charges : Rs.
271,"0 Know More 0 check Generally delivered in 6 - 10 days Item not available at this location, please try another pincode check check check Generally delivered in 6 - 10 days Generally delivered in 6 - 10 days 6 - 10 days Item not available at this location, please try another pincode Item is available at ."
272,Change Delivery in 6-10 days Free hrrhrhrhhr Delivery Charges: Rs.
273,0 Additional Handling Charges are levied for other expenses incurred while delivering to your location More Delivery Options Delivery in 6-10 days.
274,Free Delivery Charges: Rs.
275,0 Additional Handling Charges are levied for other expenses incurred while delivering to your location Standard Delivery (FREE) Order & get it delivered in 2 business day(s) .
276,Free /span> Additional Handling Charges are levied for other expenses incurred while delivering to your location .
277,Free Additional Handling Charges are levied for other expenses incurred while delivering to your location .
278,Free Additional Handling Charges are levied for other expenses incurred while delivering to your location .
279,You can select the delivery speed at checkout Item is available at .
280,Change Change Delivery in 6-10 days Free hrrhrhrhhr Delivery Charges: Rs.
281,0 Additional Handling Charges are levied for other expenses incurred while delivering to your location More Delivery Options Delivery in 6-10 days.
282,Free Delivery Charges: Rs.
283,0 Additional Handling Charges are levied for other expenses incurred while delivering to your location Standard Delivery (FREE) Order & get it delivered in 2 business day(s) .
284,Free /span> Additional Handling Charges are levied for other expenses incurred while delivering to your location .
285,Free Additional Handling Charges are levied for other expenses incurred while delivering to your location .
286,Free Additional Handling Charges are levied for other expenses incurred while delivering to your location .
287,You can select the delivery speed at checkout Delivery in 6-10 days Free hrrhrhrhhr Delivery Charges: Rs.
288,0 Additional Handling Charges are levied for other expenses incurred while delivering to your location More Delivery Options Delivery in 6-10 days Free hrrhrhrhhr Delivery Charges: Rs.
289,0 Additional Handling Charges are levied for other expenses incurred while delivering to your location Delivery in 6-10 days Free hrrhrhrhhr Free hrrhrhrhhr Delivery Charges: Rs.
290,0 Additional Handling Charges are levied for other expenses incurred while delivering to your location Delivery Charges: Rs.
291,0 Additional Handling Charges are levied for other expenses incurred while delivering to your location Delivery Charges: Rs.
292,0 Delivery Charges: Rs.
293,0 Delivery Charges: Rs.
294,0 Additional Handling Charges are levied for other expenses incurred while delivering to your location More Delivery Options More Delivery Options Delivery in 6-10 days.
295,Free Delivery Charges: Rs.
296,0 Additional Handling Charges are levied for other expenses incurred while delivering to your location Standard Delivery (FREE) Order & get it delivered in 2 business day(s) .
297,Free /span> Additional Handling Charges are levied for other expenses incurred while delivering to your location .
298,Free Additional Handling Charges are levied for other expenses incurred while delivering to your location .
299,Free Additional Handling Charges are levied for other expenses incurred while delivering to your location .
300,You can select the delivery speed at checkout Delivery in 6-10 days.
301,Free Delivery Charges: Rs.
302,0 Additional Handling Charges are levied for other expenses incurred while delivering to your location Standard Delivery (FREE) Order & get it delivered in 2 business day(s) .
303,Free /span> Additional Handling Charges are levied for other expenses incurred while delivering to your location .
304,Free Additional Handling Charges are levied for other expenses incurred while delivering to your location .
305,Free Additional Handling Charges are levied for other expenses incurred while delivering to your location .
306,Delivery in 6-10 days.
307,Free Delivery Charges: Rs.
308,0 Additional Handling Charges are levied for other expenses incurred while delivering to your location Delivery in 6-10 days.
309,Free Delivery Charges: Rs.
310,0 Additional Handling Charges are levied for other expenses incurred while delivering to your location Delivery in 6-10 days.
311,Free Free Delivery Charges: Rs.
312,0 Additional Handling Charges are levied for other expenses incurred while delivering to your location Delivery Charges: Rs.
313,0 Additional Handling Charges are levied for other expenses incurred while delivering to your location Delivery Charges: Rs.
314,0 Delivery Charges: Rs.
315,0 Delivery Charges: Rs.
316,0 Additional Handling Charges are levied for other expenses incurred while delivering to your location Standard Delivery (FREE) Order & get it delivered in 2 business day(s) Standard Delivery (FREE) (FREE) Order & get it delivered in 2 business day(s) 2 .
317,Free /span> Additional Handling Charges are levied for other expenses incurred while delivering to your location .
318,Free /span> Additional Handling Charges are levied for other expenses incurred while delivering to your location .
319,Free /span> Additional Handling Charges are levied for other expenses incurred while delivering to your location Free /span> Additional Handling Charges are levied for other expenses incurred while delivering to your location Additional Handling Charges are levied for other expenses incurred while delivering to your location Additional Handling Charges are levied for other expenses incurred while delivering to your location .
320,Free Additional Handling Charges are levied for other expenses incurred while delivering to your location .
321,Free Additional Handling Charges are levied for other expenses incurred while delivering to your location .
322,Free Free Additional Handling Charges are levied for other expenses incurred while delivering to your location Additional Handling Charges are levied for other expenses incurred while delivering to your location Additional Handling Charges are levied for other expenses incurred while delivering to your location .
323,Free Additional Handling Charges are levied for other expenses incurred while delivering to your location .
324,Free Additional Handling Charges are levied for other expenses incurred while delivering to your location .
325,Free Free Additional Handling Charges are levied for other expenses incurred while delivering to your location Additional Handling Charges are levied for other expenses incurred while delivering to your location Additional Handling Charges are levied for other expenses incurred while delivering to your location .
326,.
327,.
328,You can select the delivery speed at checkout Faster delivery guarantee: - Available for select products & pincodes - Select options during checkout - Delivery charges include area handling charges & have money back guarantee * (*Refer FAQs for detailed T&C) Faster delivery guarantee: - Available for select products & pincodes - Select options during checkout - Delivery charges include area handling charges & have money back guarantee * - Available for select products & pincodes - Select options during checkout - Delivery charges include area handling charges & have money back guarantee * area handling charges (*Refer FAQs for detailed T&C) FAQs Delivery charges include area handling charges & have money back guarantee * (*Refer FAQs for detailed T&C) Delivery charges include area handling charges & have money back guarantee * area handling charges (*Refer FAQs for detailed T&C) FAQs Shipping Charges : Rs.
329,0 Area Based Handling Charges : Rs.
330,0 Know More 0 Shipping Charges : Rs.
331,0 Area Based Handling Charges : Rs.
332,0 Know More 0 Shipping Charges : Rs.
333,0 0 Area Based Handling Charges : Rs.
334,0 0 Know More Know More 0 We will let you know when in stock notify me Please Fill Valid Email ID Thank you for your interestYou will be notified when this product will be in stock We will let you know when in stock notify me Please Fill Valid Email ID We will let you know when in stock notify me Please Fill Valid Email ID Thank you for your interestYou will be notified when this product will be in stock Thank you for your interestYou will be notified when this product will be in stock Thank you for your interest You will be notified when this product will be in stock Material:Wood No.
335,of Pieces:1 Product Length (cm):5 Product Width (cm):5 Product Height (cm):5 View all item details Material:Wood No.
336,of Pieces:1 Product Length (cm):5 Product Width (cm):5 Product Height (cm):5 View all item details Material:Wood No.
337,of Pieces:1 Product Length (cm):5 Product Width (cm):5 Product Height (cm):5 View all item details Material:Wood Material:Wood No.
338,of Pieces:1 No.
339,of Pieces:1 Product Length (cm):5 Product Length (cm):5 Product Width (cm):5 Product Width (cm):5 Product Height (cm):5 Product Height (cm):5 View all item details View all item details View all item details 7 Days Easy Returns We assure easy return exchange of purchased items within 7 days of delivery.
340,Know More 7 Days Easy Returns We assure easy return exchange of purchased items within 7 days of delivery.
341,Know More 7 Days Easy Returns We assure easy return exchange of purchased items within 7 days of delivery.
342,Know More We assure easy return exchange of purchased items within 7 days of delivery.
343,Know More IMEI Number SUBMIT Dial *#06# to get your IMEI Number I agree to the Terms and Conditions.
344,"Please Accept to Proceed Further NOTE: In case of device support issues, try new Snapdeal App."
345,Exchange device should not be broken & it should be in working condition.
346,How It Works?
347,IMEI Number Edit Model Exchange Price Rs.
348,Exchange Discount Summary 153 Rs.
349,Exchange Discount -Rs.
350,Final Price Rs.
351,I agree to the Terms and Conditions.
352,NOTE: Try new Snapdeal App for higher exchange discount.
353,Exchange device should not be broken & it should be in working condition.
354,How It Works?
355,Apply Exchange IMEI Number SUBMIT Dial *#06# to get your IMEI Number I agree to the Terms and Conditions.
356,"Please Accept to Proceed Further NOTE: In case of device support issues, try new Snapdeal App."
357,Exchange device should not be broken & it should be in working condition.
358,IMEI Number SUBMIT Dial *#06# to get your IMEI Number I agree to the Terms and Conditions.
359,"Please Accept to Proceed Further NOTE: In case of device support issues, try new Snapdeal App."
360,Exchange device should not be broken & it should be in working condition.
361,IMEI Number SUBMIT SUBMIT Dial *#06# to get your IMEI Number I agree to the Terms and Conditions.
362,Terms and Conditions.
363,"Please Accept to Proceed Further NOTE: In case of device support issues, try new Snapdeal App."
364,Exchange device should not be broken & it should be in working condition.
365,"In case of device support issues, try new Snapdeal App."
366,Exchange device should not be broken & it should be in working condition.
367,"In case of device support issues, try new Snapdeal App."
368,"In case of device support issues, try new Snapdeal App."
369,Exchange device should not be broken & it should be in working condition.
370,Exchange device should not be broken & it should be in working condition.
371,How It Works?
372,How It Works?
373,IMEI Number Edit Model Exchange Price Rs.
374,Exchange Discount Summary 153 Rs.
375,Exchange Discount -Rs.
376,Final Price Rs.
377,I agree to the Terms and Conditions.
378,NOTE: Try new Snapdeal App for higher exchange discount.
379,Exchange device should not be broken & it should be in working condition.
380,How It Works?
381,Apply Exchange IMEI Number Edit Model Exchange Price Rs.
382,Exchange Discount Summary 153 Rs.
383,Exchange Discount -Rs.
384,Final Price Rs.
385,I agree to the Terms and Conditions.
386,NOTE: Try new Snapdeal App for higher exchange discount.
387,Exchange device should not be broken & it should be in working condition.
388,How It Works?
389,Apply Exchange IMEI Number Edit Model Exchange Price Rs.
390,IMEI Number Edit IMEI Number Edit IMEI Number Model Model Model Exchange Price Rs.
391,Exchange Price Rs.
392,Exchange Discount Summary 153 Rs.
393,Exchange Discount -Rs.
394,Final Price Rs.
395,Exchange Discount Summary 153 Rs.
396,153 Rs.
397,153 Rs.
398,Exchange Discount -Rs.
399,Exchange Discount -Rs.
400,Final Price Rs.
401,Final Price Rs.
402,I agree to the Terms and Conditions.
403,NOTE: Try new Snapdeal App for higher exchange discount.
404,Exchange device should not be broken & it should be in working condition.
405,How It Works?
406,I agree to the Terms and Conditions.
407,Terms and Conditions.
408,NOTE: Try new Snapdeal App for higher exchange discount.
409,Exchange device should not be broken & it should be in working condition.
410,Try new Snapdeal App for higher exchange discount.
411,Exchange device should not be broken & it should be in working condition.
412,Try new Snapdeal App for higher exchange discount.
413,Try new Snapdeal App for higher exchange discount.
414,Exchange device should not be broken & it should be in working condition.
415,Exchange device should not be broken & it should be in working condition.
416,How It Works?
417,How It Works?
418,Apply Exchange Apply Exchange Featured Item Details Ratings & Reviews Questions & Answers Highlights Material:Wood No.
419,"of Pieces:1 Product Length (cm):5 Product Width (cm):5 Product Height (cm):5 Disclaimer: Keep Away From Water Perfume And Other Chemicals And Clean It With Dry And Soft Cloth In Box: 1 Pcs Mala Type:- Gold Plated Cap Rudraksha Mala SUPC: SDL890408077 Other Specifications Other Details Country of Origin or Manufacture or Assembly India Common or Generic Name of the commodity Rudraksha Manufacturer's Name & Address Packer's Name & Address Marketer's Name & Address Importer's Name & Address Description Loard Shiv Trishul Damru Locket With Puchmukhi Rudraksha Mala Gold-plated Brass, Wood Keep Away From Water Perfume And Other Chemicals And Clean It With Dry And Soft Cloth Terms & Conditions The images represent actual product though color of the image and product may slightly differ."
420,Was this information helpful to you?
421,Yes No Select an issue Wrong information Missing information MRP mismatch Image not matching the description Insufficient number of images Submit Thank You for submitting your response.
422,Quick links Product Type: Religion & Spirituality Rudraksha Brand: jsk collection Customer Product Selfies Seller Details View Store soni jewellery (4.2) Expand your business to millions of customers Sell this item on Snapdeal Sold by SONI JEWELLERY (4.2) View Store 5 more sellers starting from Rs.
423,"153 Sell on Snapdeal Explore MoreRudraksha More Rudraksha From jsk collection In Same Price Bhawna Collection Loard Shiv Trishul Damru Locket With Puchmukhi Rudraksha Mala Gold-plated Brass, Wood For Men & Women Rs."
424,153 Rs.
425,999 Buy now Loading...
426,Featured Item Details Ratings & Reviews Questions & Answers Highlights Material:Wood No.
427,"of Pieces:1 Product Length (cm):5 Product Width (cm):5 Product Height (cm):5 Disclaimer: Keep Away From Water Perfume And Other Chemicals And Clean It With Dry And Soft Cloth In Box: 1 Pcs Mala Type:- Gold Plated Cap Rudraksha Mala SUPC: SDL890408077 Other Specifications Other Details Country of Origin or Manufacture or Assembly India Common or Generic Name of the commodity Rudraksha Manufacturer's Name & Address Packer's Name & Address Marketer's Name & Address Importer's Name & Address Description Loard Shiv Trishul Damru Locket With Puchmukhi Rudraksha Mala Gold-plated Brass, Wood Keep Away From Water Perfume And Other Chemicals And Clean It With Dry And Soft Cloth Terms & Conditions The images represent actual product though color of the image and product may slightly differ."
428,Was this information helpful to you?
429,Yes No Select an issue Wrong information Missing information MRP mismatch Image not matching the description Insufficient number of images Submit Thank You for submitting your response.
430,Quick links Product Type: Religion & Spirituality Rudraksha Brand: jsk collection Customer Product Selfies Seller Details View Store soni jewellery (4.2) Expand your business to millions of customers Sell this item on Snapdeal Featured Item Details Ratings & Reviews Questions & Answers Highlights Material:Wood No.
431,"of Pieces:1 Product Length (cm):5 Product Width (cm):5 Product Height (cm):5 Disclaimer: Keep Away From Water Perfume And Other Chemicals And Clean It With Dry And Soft Cloth In Box: 1 Pcs Mala Type:- Gold Plated Cap Rudraksha Mala SUPC: SDL890408077 Other Specifications Other Details Country of Origin or Manufacture or Assembly India Common or Generic Name of the commodity Rudraksha Manufacturer's Name & Address Packer's Name & Address Marketer's Name & Address Importer's Name & Address Description Loard Shiv Trishul Damru Locket With Puchmukhi Rudraksha Mala Gold-plated Brass, Wood Keep Away From Water Perfume And Other Chemicals And Clean It With Dry And Soft Cloth Terms & Conditions The images represent actual product though color of the image and product may slightly differ."
432,Item Details Ratings & Reviews Questions & Answers Item Details Ratings & Reviews Questions & Answers Item Details Item Details Ratings & Reviews Ratings & Reviews Questions & Answers Questions & Answers Highlights Material:Wood No.
433,"of Pieces:1 Product Length (cm):5 Product Width (cm):5 Product Height (cm):5 Disclaimer: Keep Away From Water Perfume And Other Chemicals And Clean It With Dry And Soft Cloth In Box: 1 Pcs Mala Type:- Gold Plated Cap Rudraksha Mala SUPC: SDL890408077 Other Specifications Other Details Country of Origin or Manufacture or Assembly India Common or Generic Name of the commodity Rudraksha Manufacturer's Name & Address Packer's Name & Address Marketer's Name & Address Importer's Name & Address Description Loard Shiv Trishul Damru Locket With Puchmukhi Rudraksha Mala Gold-plated Brass, Wood Keep Away From Water Perfume And Other Chemicals And Clean It With Dry And Soft Cloth Terms & Conditions The images represent actual product though color of the image and product may slightly differ."
434,Highlights Material:Wood No.
435,"of Pieces:1 Product Length (cm):5 Product Width (cm):5 Product Height (cm):5 Disclaimer: Keep Away From Water Perfume And Other Chemicals And Clean It With Dry And Soft Cloth In Box: 1 Pcs Mala Type:- Gold Plated Cap Rudraksha Mala SUPC: SDL890408077 Other Specifications Other Details Country of Origin or Manufacture or Assembly India Common or Generic Name of the commodity Rudraksha Manufacturer's Name & Address Packer's Name & Address Marketer's Name & Address Importer's Name & Address Description Loard Shiv Trishul Damru Locket With Puchmukhi Rudraksha Mala Gold-plated Brass, Wood Keep Away From Water Perfume And Other Chemicals And Clean It With Dry And Soft Cloth Terms & Conditions The images represent actual product though color of the image and product may slightly differ."
436,Highlights Material:Wood No.
437,of Pieces:1 Product Length (cm):5 Product Width (cm):5 Product Height (cm):5 Disclaimer: Keep Away From Water Perfume And Other Chemicals And Clean It With Dry And Soft Cloth In Box: 1 Pcs Mala Type:- Gold Plated Cap Rudraksha Mala SUPC: SDL890408077 Highlights Highlights Highlights Material:Wood No.
438,of Pieces:1 Product Length (cm):5 Product Width (cm):5 Product Height (cm):5 Disclaimer: Keep Away From Water Perfume And Other Chemicals And Clean It With Dry And Soft Cloth In Box: 1 Pcs Mala Type:- Gold Plated Cap Rudraksha Mala SUPC: SDL890408077 Material:Wood No.
439,of Pieces:1 Product Length (cm):5 Product Width (cm):5 Product Height (cm):5 Disclaimer: Keep Away From Water Perfume And Other Chemicals And Clean It With Dry And Soft Cloth In Box: 1 Pcs Mala Type:- Gold Plated Cap Rudraksha Mala SUPC: SDL890408077 Material:Wood Material:Wood No.
440,of Pieces:1 No.
441,"of Pieces:1 Product Length (cm):5 Product Length (cm):5 Product Width (cm):5 Product Width (cm):5 Product Height (cm):5 Product Height (cm):5 Disclaimer: Keep Away From Water Perfume And Other Chemicals And Clean It With Dry And Soft Cloth Disclaimer: Keep Away From Water Perfume And Other Chemicals And Clean It With Dry And Soft Cloth In Box: 1 Pcs Mala In Box: 1 Pcs Mala Type:- Gold Plated Cap Rudraksha Mala Type:- Gold Plated Cap Rudraksha Mala SUPC: SDL890408077 SUPC: SDL890408077 Other Specifications Other Details Country of Origin or Manufacture or Assembly India Common or Generic Name of the commodity Rudraksha Manufacturer's Name & Address Packer's Name & Address Marketer's Name & Address Importer's Name & Address Other Specifications Other Specifications Other Specifications Other Details Country of Origin or Manufacture or Assembly India Common or Generic Name of the commodity Rudraksha Manufacturer's Name & Address Packer's Name & Address Marketer's Name & Address Importer's Name & Address Other Details Country of Origin or Manufacture or Assembly India Common or Generic Name of the commodity Rudraksha Manufacturer's Name & Address Packer's Name & Address Marketer's Name & Address Importer's Name & Address Description Loard Shiv Trishul Damru Locket With Puchmukhi Rudraksha Mala Gold-plated Brass, Wood Keep Away From Water Perfume And Other Chemicals And Clean It With Dry And Soft Cloth Description Description Description Loard Shiv Trishul Damru Locket With Puchmukhi Rudraksha Mala Gold-plated Brass, Wood Keep Away From Water Perfume And Other Chemicals And Clean It With Dry And Soft Cloth Loard Shiv Trishul Damru Locket With Puchmukhi Rudraksha Mala Gold-plated Brass, Wood Keep Away From Water Perfume And Other Chemicals And Clean It With Dry And Soft Cloth Loard Shiv Trishul Damru Locket With Puchmukhi Rudraksha Mala Gold-plated Brass, Wood Keep Away From Water Perfume And Other Chemicals And Clean It With Dry And Soft Cloth Keep Away From Water Perfume And Other Chemicals And Clean It With Dry And Soft Cloth Terms & Conditions The images represent actual product though color of the image and product may slightly differ."
442,Terms & Conditions Terms & Conditions Terms & Conditions The images represent actual product though color of the image and product may slightly differ.
443,The images represent actual product though color of the image and product may slightly differ.
444,The images represent actual product though color of the image and product may slightly differ.
445,Was this information helpful to you?
446,Yes No Select an issue Wrong information Missing information MRP mismatch Image not matching the description Insufficient number of images Submit Thank You for submitting your response.
447,Was this information helpful to you?
448,Yes No Select an issue Wrong information Missing information MRP mismatch Image not matching the description Insufficient number of images Submit Was this information helpful to you?
449,Yes No Was this information helpful to you?
450,Yes No Select an issue Wrong information Missing information MRP mismatch Image not matching the description Insufficient number of images Select an issue Wrong information Missing information MRP mismatch Image not matching the description Insufficient number of images Select an issue Wrong information Missing information MRP mismatch Image not matching the description Insufficient number of images Select an issue Wrong information Missing information MRP mismatch Image not matching the description Insufficient number of images Thank You for submitting your response.
451,Thank You for submitting your response.
452,Quick links Product Type: Religion & Spirituality Rudraksha Brand: jsk collection Quick links Product Type: Religion & Spirituality Rudraksha Brand: jsk collection Product Type: Religion & Spirituality Rudraksha Product Type: Religion & Spirituality Rudraksha Brand: jsk collection Brand: jsk collection Customer Product Selfies Customer Product Selfies Customer Product Selfies Seller Details View Store soni jewellery (4.2) Expand your business to millions of customers Sell this item on Snapdeal Seller Details View Store Seller Details View Store View Store soni jewellery (4.2) Expand your business to millions of customers Sell this item on Snapdeal soni jewellery (4.2) soni jewellery soni jewellery soni jewellery (4.2) (4.2) (4.2) Expand your business to millions of customers Sell this item on Snapdeal Expand your business to millions of customers Sell this item on Snapdeal Sell this item on Snapdeal Sold by SONI JEWELLERY (4.2) View Store 5 more sellers starting from Rs.
453,"153 Sell on Snapdeal Explore MoreRudraksha More Rudraksha From jsk collection In Same Price Bhawna Collection Loard Shiv Trishul Damru Locket With Puchmukhi Rudraksha Mala Gold-plated Brass, Wood For Men & Women Rs."
454,153 Rs.
455,999 Buy now Loading... Sold by SONI JEWELLERY (4.2) View Store Sold by Sold by SONI JEWELLERY (4.2) (4.2) View Store View Store 5 more sellers starting from Rs.
456,153 5 more sellers starting from Rs.
457,153 5 more sellers starting from Rs.
458,"153 Sell on Snapdeal Sell on Snapdeal Explore MoreRudraksha Rudraksha More Rudraksha From jsk collection More Rudraksha From jsk collection Rudraksha From jsk collection In Same Price In Same Price In Same Price Bhawna Collection Loard Shiv Trishul Damru Locket With Puchmukhi Rudraksha Mala Gold-plated Brass, Wood For Men & Women Rs."
459,153 Rs.
460,"999 Buy now Loading... Bhawna Collection Loard Shiv Trishul Damru Locket With Puchmukhi Rudraksha Mala Gold-plated Brass, Wood For Men & Women Rs."
461,153 Rs.
462,"999 Buy now Loading... Bhawna Collection Loard Shiv Trishul Damru Locket With Puchmukhi Rudraksha Mala Gold-plated Brass, Wood For Men & Women Rs."
463,153 Rs.
464,"999 Bhawna Collection Loard Shiv Trishul Damru Locket With Puchmukhi Rudraksha Mala Gold-plated Brass, Wood For Men & Women Rs."
465,153 Rs.
466,"999 Bhawna Collection Loard Shiv Trishul Damru Locket With Puchmukhi Rudraksha Mala Gold-plated Brass, Wood For Men & Women Rs."
467,153 Rs.
468,999 Buy now Loading... Buy now Loading... Load More Load More 100% Secure Payments All major credit & debit cards accepted TrustPay 100% Payment Protection.
469,Easy Return Policy Help Center Got a question?
470,Look no further.
471,Browse our FAQs or submit your query here.
472,Shop on the Go Download the app and get exciting app only offers at your fingertips Policy Info Privacy Policy Terms of Sale Terms of Use Report Abuse & Takedown Policy Know Your BIS Standard Products Under Cumpulsory BIS Certification FAQ Company Impact@Snapdeal Careers Blog Sitemap Contact Us Snapdeal Business Shopping App Sell on Snapdeal Media Enquiries Popular Links Lehenga Kid's Clothing Sarees Winter Wear Subscribe Subscribe Succesfully Subscribed Something went wrong.
473,Please try again!
474,Please enter a valid email address.
475,Register now to get updates on promotions and coupons.
476,"Or Download App Payment Connect Copyright  2021, Snapdeal Limited."
477,All Rights Reserved Made for Bharat 100% Secure Payments All major credit & debit cards accepted TrustPay 100% Payment Protection.
478,Easy Return Policy Help Center Got a question?
479,Look no further.
480,Browse our FAQs or submit your query here.
481,Shop on the Go Download the app and get exciting app only offers at your fingertips 100% Secure Payments All major credit & debit cards accepted TrustPay 100% Payment Protection.
482,Easy Return Policy Help Center Got a question?
483,Look no further.
484,Browse our FAQs or submit your query here.
485,Shop on the Go Download the app and get exciting app only offers at your fingertips 100% Secure Payments All major credit & debit cards accepted 100% Secure Payments All major credit & debit cards accepted 100% Secure Payments All major credit & debit cards accepted 100% Secure Payments All major credit & debit cards accepted TrustPay 100% Payment Protection.
486,Easy Return Policy TrustPay 100% Payment Protection.
487,Easy Return Policy TrustPay 100% Payment Protection.
488,Easy Return Policy TrustPay 100% Payment Protection.
489,Easy Return Policy Help Center Got a question?
490,Look no further.
491,Browse our FAQs or submit your query here.
492,Help Center Got a question?
493,Look no further.
494,Browse our FAQs or submit your query here.
495,Help Center Got a question?
496,Look no further.
497,Browse our FAQs or submit your query here.
498,Help Center Got a question?
499,Look no further.
500,Browse our FAQs or submit your query here.
501,Shop on the Go Download the app and get exciting app only offers at your fingertips Shop on the Go Download the app and get exciting app only offers at your fingertips Shop on the Go Download the app and get exciting app only offers at your fingertips Shop on the Go Download the app and get exciting app only offers at your fingertips Policy Info Privacy Policy Terms of Sale Terms of Use Report Abuse & Takedown Policy Know Your BIS Standard Products Under Cumpulsory BIS Certification FAQ Company Impact@Snapdeal Careers Blog Sitemap Contact Us Snapdeal Business Shopping App Sell on Snapdeal Media Enquiries Popular Links Lehenga Kid's Clothing Sarees Winter Wear Subscribe Subscribe Succesfully Subscribed Something went wrong.
502,Please try again!
503,Please enter a valid email address.
504,Register now to get updates on promotions and coupons.
505,"Or Download App Payment Connect Copyright  2021, Snapdeal Limited."
506,All Rights Reserved Made for Bharat Policy Info Privacy Policy Terms of Sale Terms of Use Report Abuse & Takedown Policy Know Your BIS Standard Products Under Cumpulsory BIS Certification FAQ Company Impact@Snapdeal Careers Blog Sitemap Contact Us Snapdeal Business Shopping App Sell on Snapdeal Media Enquiries Popular Links Lehenga Kid's Clothing Sarees Winter Wear Subscribe Subscribe Succesfully Subscribed Something went wrong.
507,Please try again!
508,Please enter a valid email address.
509,Register now to get updates on promotions and coupons.
510,Or Download App Policy Info Privacy Policy Terms of Sale Terms of Use Report Abuse & Takedown Policy Know Your BIS Standard Products Under Cumpulsory BIS Certification FAQ Company Impact@Snapdeal Careers Blog Sitemap Contact Us Snapdeal Business Shopping App Sell on Snapdeal Media Enquiries Popular Links Lehenga Kid's Clothing Sarees Winter Wear Subscribe Subscribe Succesfully Subscribed Something went wrong.
511,Please try again!
512,Please enter a valid email address.
513,Register now to get updates on promotions and coupons.
514,Or Download App Policy Info Privacy Policy Terms of Sale Terms of Use Report Abuse & Takedown Policy Know Your BIS Standard Products Under Cumpulsory BIS Certification FAQ Policy Info Privacy Policy Terms of Sale Terms of Use Report Abuse & Takedown Policy Know Your BIS Standard Products Under Cumpulsory BIS Certification FAQ Privacy Policy Privacy Policy Terms of Sale Terms of Sale Terms of Use Terms of Use Report Abuse & Takedown Policy Report Abuse & Takedown Policy Know Your BIS Standard Know Your BIS Standard Products Under Cumpulsory BIS Certification Products Under Cumpulsory BIS Certification FAQ FAQ Company Impact@Snapdeal Careers Blog Sitemap Contact Us Company Impact@Snapdeal Careers Blog Sitemap Contact Us Impact@Snapdeal Impact@Snapdeal Careers Careers Blog Blog Sitemap Sitemap Contact Us Contact Us Snapdeal Business Shopping App Sell on Snapdeal Media Enquiries Snapdeal Business Shopping App Sell on Snapdeal Media Enquiries Shopping App Shopping App Sell on Snapdeal Sell on Snapdeal Media Enquiries Media Enquiries Popular Links Lehenga Kid's Clothing Sarees Winter Wear Popular Links Lehenga Kid's Clothing Sarees Winter Wear Lehenga Lehenga Kid's Clothing Kid's Clothing Sarees Sarees Winter Wear Winter Wear Subscribe Subscribe Succesfully Subscribed Something went wrong.
515,Please try again!
516,Please enter a valid email address.
517,Register now to get updates on promotions and coupons.
518,Or Download App Subscribe Succesfully Subscribed Something went wrong.
519,Please try again!
520,Please enter a valid email address.
521,Register now to get updates on promotions and coupons.
522,"Or Download App Or Download App Or Download App Payment Connect Payment Connect Payment Payment Connect Connect Copyright  2021, Snapdeal Limited."
523,"All Rights Reserved Made for Bharat Copyright  2021, Snapdeal Limited."
524,"All Rights Reserved Made for Bharat Copyright  2021, Snapdeal Limited."
525,All Rights Reserved Made for Bharat %0A%3Cscript%3E%0D%0Avar+pdpTabLength+%3D+%24%28%27.detailssubbox%27%29.length%3B%0D%0A%24%28%24%28%27.detailssubbox%27%29%5BpdpTabLength-1%5D%29.append%28%27%3Cp%3ESnapdeal+does+not+select%2C+edit%2C+modify%2C+alter%2C+add+or+supplement+the+information%2C+description+and+other+specifications+provided+by+the+Seller.%3C%2Fp%3E%27%29%3B%0D%0A%0D%0Aif%28%21window.console%29%7B%0D%0Aconsole+%3D+%7B%7D+%3B%0D%0Aconsole.log+%3D+function%28%29%7B%7D%3B%0D%0Aconsole.debug+%3D+function%28%29%7B%7D%3B%0D%0A%7D%0D%0Avar+s_locality+%3D+Snapdeal.Cookie.get%28%22locality%22%29%3B%0D%0A%0D%0Avar+s_uid+%3D+Snapdeal.Cookie.get%28%22uid%22%29%3B%0D%0Aif%28Snapdeal.Cookie.get%28%27spin%27%29+%21%3D+null%29%7B%0D%0Avar+CookieZip+%3D+Snapdeal.Cookie.get%28%27spin%27%29.split%28%27-%27%29%5B0%5D%0D%0Avar+ZipSource+%3D+Snapdeal.Cookie.get%28%27spin%27%29.split%28%27-%27%29%5B1%5D%0D%0A%7D%0D%0A%3C%2Fscript%3E%0D%0A%3C%21--+SiteCatalyst+code+version%3A+H.23.4.%0D%0ACopyright+1996-2011+Adobe%2C+Inc.+All+Rights+Reserved%0D%0AMore+info+available+at+http%3A%2F%2Fwww.omniture.com+--%3E%0D%0A%3Cscript+language%3D%22JavaScript%22+type%3D%22text%2Fjavascript%22%3E%3C%21--%0D%0A%2F*+You+may+give+each+page+an+identifying+name%2C+server%2C+and+channel+on%0D%0Athe+next+lines.+*%2F%0D%0As.pageName%3D%22productPage%3Anew%22%0D%0As.channel%3D%22productPage%3Anew%22%0D%0As.products%3D%22%3B%22+%2B+jQuery%28%22%23catalogId%22%29.val%28%29%0D%0A%2F*+Conversion+Variables+*%2F%0D%0As.prop1%3D%22ProductDetail%22%0D%0As.events%3D%22prodView%2Cevent4%2C%2C%2C%22%0D%0As.eVar3+%3D+jQuery%28%27%23pdpPath%27%29.val%28%29%0D%0As.prop55%3DjQuery%28%27%23prebook%27%29.val%28%29%0D%0As.eVar33%3DjQuery%28%27%23isO2OAvailable%27%29.val%28%29%0D%0As.prop19%3DjQuery%28%27%23productPrice%27%29.val%28%29%0D%0As.eVar19%3DjQuery%28%27%23productPrice%27%29.val%28%29%3B%0D%0As.eVar38%3D%24%28%27.review_land%27%29.length%3E0+%3F+%24%28%27.review_land%27%29.html%28%29.split%28%22+%22%29%5B0%5D.trim%28%29+%3A+0%3B%0D%0As.eVar39%3DjQuery%28%27%23avgRating%27%29.val%28%29%3B%0D%0As.eVar8%3DjQuery%28%27%23buy-button-id%27%29.attr%28%27vendorCode%27%29%0D%0As.prop48%3DjQuery%28%27%23soldOut%27%29.val%28%29%0D%0Aif+%28jQuery%28%27%23inventoryUnlimited%27%29.val%28%29%3D%3D+%27true%27%29%0D%0A%7Bs.eVar18%3D%221000000%22%7D%0D%0Aelse%0D%0A%7Bs.eVar18%3DjQuery%28%27%23buyableInventory%27%29.val%28%29%7D%0D%0A%0D%0As.eVar27%3D%24%28%22%23pdpWalletCashBackOmni%22%29.val%28%29%0D%0A%0D%0Avar+a+%3D+%220%22%0D%0Avar+b+%3D+jQuery%28%27%23productPrice%27%29.val%28%29%0D%0Avar+c+%3D+%220%22%0D%0Aif%28a+%26%26+b%29%7B%0D%0As.eVar59%3D+a%2Fb*100%0D%0A%7D%3B%0D%0Aif%28c+%26%26+b%29%7B%0D%0As.eVar60%3D+c%2Fb*100%0D%0A%7D%3B%0D%0As.prop51%3DjQuery%28%22%23noOfImages%22%29.val%28%29%0D%0A%0D%0As.prop49%3DjQuery%28%27%23live%27%29.val%28%29%0D%0A%0D%0Avar+RID+%3D+s.getQueryParam%28%27RID%27%29%3B%0D%0Aif%28RID+%21%3D+%27%27%29+s.eVar75+%3D+RID%3B%0D%0A%0D%0Avar+MID+%3D+s.getQueryParam%28%27MID%27%29%3B%0D%0Aif%28MID+%21%3D+%27%27%29+s.eVar58+%3D+MID%3B%0D%0A%0D%0A%0D%0Aif%28Snapdeal.Cookie.get%28%27spin%27%29+%21%3D+null%29%7B%0D%0As.prop60%3D+CookieZip%2B%22%3A%22%2BZipSource+%2B+%27_%27+%2B+%27false%27+%2B+%27_%27+%2B+%27%24%7BprimaryVendor.isStdAvailable%7D%27%7D%0D%0A%0D%0Aif%28Snapdeal.Cookie.get%28%27vt%27%29+%21%3D+null%29+%7B%0D%0Avar+vt+%3D+Snapdeal.Cookie.get%28%27vt%27%29%3B%0D%0As.eVar64+%3D+vt%3B%0D%0A%7D%3B%0D%0Avar+SRPID+%3D+s.getQueryParam%28%27SRPID%27%29%3B%0D%0Aif%28SRPID+%21%3D+%27%27%29+s.prop47+%3D+SRPID%3B%0D%0A%0D%0Avar+u+%3D+Snapdeal.Cookie.get%28%22u%22%29%3B%0D%0Aif%28u+%21%3D+undefined+%26%26+u+%21%3D+%27%27%29+%7B%0D%0A+++++++s.prop56%3Du%0D%0A%7D%3B%0D%0Aif%28Snapdeal.Cookie.get%28%27eid%27%29+%21%3D+null%29+%7B%0D%0Avar+email1+%3D+Snapdeal.Cookie.get%28%27eid%27%29.split%28%27%22%27%29%5B1%5D%3B%0D%0As.eVar22+%3D+email1%3B%0D%0A%7D%3B%0D%0As.prop22%3Dwindow.location.href.indexOf%28%22%3FvendorCode%22%29%3E-1+%7C%7C+document.referrer.indexOf%28%27%3FvendorCode%27%29%3E-1%3B%0D%0A%0D%0Aif%28+jQuery%28%27%23deferValidate%27%29.val%28%29+%3D%3D+%27true%27%29%7B%0D%0As.prop20%3D%22pdp4_moreSeller%22%7D%0D%0A%0D%0Aif%28Snapdeal.Cookie.get%28%27sd.zone%27%29+%21%3D+null%29+%7B%0D%0Avar+sd_zone+%3D+Snapdeal.Cookie.get%28%27sd.zone%27%29%3B%0D%0As.prop50+%3D+sd_zone%3B%0D%0A%7D%3B%0D%0A%0D%0As.eVar61%3DSnapdeal.Cookie.get%28%22ceeTrack%22%29%3B%0D%0A%0D%0As.eVar34+%3D+%28jQuery%28%27%23pincode-sdd%27%29.hasClass%28%27hidden%27%29+%3F+true+%3A+false%29+%2B+%22_%22+%2B+%28jQuery%28%27%23pincode-ndd%27%29.hasClass%28%27hidden%27%29+%3F+true+%3A+false%29%3B%0D%0A%0D%0A%2F*************+DO+NOT+ALTER+ANYTHING+BELOW+THIS+LINE+%21+**************%2F%0D%0Avar+s_code%3Ds.t%28%29%3Bif%28s_code%29document.write%28s_code%29%2F%2F--%3E%3C%2Fscript%3E%0D%0A%3Cstyle%3E%0D%0A.bankPromoOffersWrapper+.row-hover.col-xs-23%7B%0D%0A+++++width%3A++91.66667%25+%21important%3B%0D%0A%7D%0D%0A.goldDelivery%3Anot%28.hidden%29+%7E+.delOp-main+%7B%0D%0A+++float%3Aleft%0D%0A%7D%0D%0A%3C%2Fstyle%3E%0D%0A%0D%0A%3Cscript%3E%0D%0Atry%7B%0D%0Aif%28Snapdeal+%26%26+Snapdeal.Cookie+%26%26+Snapdeal.Cookie.get%28%27eid%27%29.indexOf%28%27%40snapdeal.com%27%29+%3E+0+%26%26+jQuery%28%27%23pogId%27%29.val%28%29%3D%3D+%27624869886489%27%29%7B%0D%0AjQuery%28%27.pdp-main-ratings%2C+.avrg-rating%2C+.showRatingTooltip%2C+.numbr-review%27%29.addClass%28%27hidden%27%29%3B%0D%0AjQuery%28%27%23reviewsContainer%27%29.addClass%28%27hidden%27%29%3B%0D%0AjQuery%28%27%23qna_numAnswered%27%29.css%28%7B%27border-left%27%3A+%27none%27%2C+%27margin-left%27%3A%270%27%2C+%27padding-left%27%3A%270%27%7D%29%3B%0D%0A%7D%0D%0A%7Dcatch%28e%29%7B%7D%0D%0A%3C%2Fscript%3E%0D%0A%0D%0A%3Cscript%3E%0D%0Avar+hex_chr+%3D+%220123456789abcdef%22%3B%0D%0Afunction+rhex%28num%29%0D%0A%7B%0D%0A++str+%3D+%22%22%3B%0D%0A++for%28j+%3D+0%3B+j+%3C%3D+3%3B+j%2B%2B%29%0D%0A++++str+%2B%3D+hex_chr.charAt%28%28num+%3E%3E+%28j+*+8+%2B+4%29%29+%26+0x0F%29+%2B%0D%0A+++++++++++hex_chr.charAt%28%28num+%3E%3E+%28j+*+8%29%29+%26+0x0F%29%3B%0D%0A++return+str%3B%0D%0A%7D%0D%0A%0D%0Afunction+str2blks_MD5%28str%29%0D%0A%7B%0D%0A++nblk+%3D+%28%28str.length+%2B+8%29+%3E%3E+6%29+%2B+1%3B%0D%0A++blks+%3D+new+Array%28nblk+*+16%29%3B%0D%0A++for%28i+%3D+0%3B+i+%3C+nblk+*+16%3B+i%2B%2B%29+blks%5Bi%5D+%3D+0%3B%0D%0A++for%28i+%3D+0%3B+i+%3C+str.length%3B+i%2B%2B%29%0D%0A++++blks%5Bi+%3E%3E+2%5D+%7C%3D+str.charCodeAt%28i%29+%3C%3C+%28%28i+%25+4%29+*+8%29%3B%0D%0A++blks%5Bi+%3E%3E+2%5D+%7C%3D+0x80+%3C%3C+%28%28i+%25+4%29+*+8%29%3B%0D%0A++blks%5Bnblk+*+16+-+2%5D+%3D+str.length+*+8%3B%0D%0A++return+blks%3B%0D%0A%7D%0D%0A%0D%0Afunction+add%28x%2C+y%29%0D%0A%7B%0D%0A++var+lsw+%3D+%28x+%26+0xFFFF%29+%2B+%28y+%26+0xFFFF%29%3B%0D%0A++var+msw+%3D+%28x+%3E%3E+16%29+%2B+%28y+%3E%3E+16%29+%2B+%28lsw+%3E%3E+16%29%3B%0D%0A++return+%28msw+%3C%3C+16%29+%7C+%28lsw+%26+0xFFFF%29%3B%0D%0A%7D%0D%0A%0D%0Afunction+rol%28num%2C+cnt%29%0D%0A%7B%0D%0A++return+%28num+%3C%3C+cnt%29+%7C+%28num+%3E%3E%3E+%2832+-+cnt%29%29%3B%0D%0A%7D%0D%0A%0D%0Afunction+cmn%28q%2C+a%2C+b%2C+x%2C+s%2C+t%29%0D%0A%7B%0D%0A++return+add%28rol%28add%28add%28a%2C+q%29%2C+add%28x%2C+t%29%29%2C+s%29%2C+b%29%3B%0D%0A%7D%0D%0Afunction+ff%28a%2C+b%2C+c%2C+d%2C+x%2C+s%2C+t%29%0D%0A%7B%0D%0A++return+cmn%28%28b+%26+c%29+%7C+%28%28%7Eb%29+%26+d%29%2C+a%2C+b%2C+x%2C+s%2C+t%29%3B%0D%0A%7D%0D%0Afunction+gg%28a%2C+b%2C+c%2C+d%2C+x%2C+s%2C+t%29%0D%0A%7B%0D%0A++return+cmn%28%28b+%26+d%29+%7C+%28c+%26+%28%7Ed%29%29%2C+a%2C+b%2C+x%2C+s%2C+t%29%3B%0D%0A%7D%0D%0Afunction+hh%28a%2C+b%2C+c%2C+d%2C+x%2C+s%2C+t%29%0D%0A%7B%0D%0A++return+cmn%28b+%5E+c+%5E+d%2C+a%2C+b%2C+x%2C+s%2C+t%29%3B%0D%0A%7D%0D%0Afunction+ii%28a%2C+b%2C+c%2C+d%2C+x%2C+s%2C+t%29%0D%0A%7B%0D%0A++return+cmn%28c+%5E+%28b+%7C+%28%7Ed%29%29%2C+a%2C+b%2C+x%2C+s%2C+t%29%3B%0D%0A%7D%0D%0A%0D%0Afunction+calcMD5%28str%29%0D%0A%7B%0D%0A++x+%3D+str2blks_MD5%28str%29%3B%0D%0A++a+%3D++1732584193%3B%0D%0A++b+%3D+-271733879%3B%0D%0A++c+%3D+-1732584194%3B%0D%0A++d+%3D++271733878%3B%0D%0A%0D%0A++for%28i+%3D+0%3B+i+%3C+x.length%3B+i+%2B%3D+16%29%0D%0A++%7B%0D%0A++++olda+%3D+a%3B%0D%0A++++oldb+%3D+b%3B%0D%0A++++oldc+%3D+c%3B%0D%0A++++oldd+%3D+d%3B%0D%0A%0D%0A++++a+%3D+ff%28a%2C+b%2C+c%2C+d%2C+x%5Bi%2B+0%5D%2C+7+%2C+-680876936%29%3B%0D%0A++++d+%3D+ff%28d%2C+a%2C+b%2C+c%2C+x%5Bi%2B+1%5D%2C+12%2C+-389564586%29%3B%0D%0A++++c+%3D+ff%28c%2C+d%2C+a%2C+b%2C+x%5Bi%2B+2%5D%2C+17%2C++606105819%29%3B%0D%0A++++b+%3D+ff%28b%2C+c%2C+d%2C+a%2C+x%5Bi%2B+3%5D%2C+22%2C+-1044525330%29%3B%0D%0A++++a+%3D+ff%28a%2C+b%2C+c%2C+d%2C+x%5Bi%2B+4%5D%2C+7+%2C+-176418897%29%3B%0D%0A++++d+%3D+ff%28d%2C+a%2C+b%2C+c%2C+x%5Bi%2B+5%5D%2C+12%2C++1200080426%29%3B%0D%0A++++c+%3D+ff%28c%2C+d%2C+a%2C+b%2C+x%5Bi%2B+6%5D%2C+17%2C+-1473231341%29%3B%0D%0A++++b+%3D+ff%28b%2C+c%2C+d%2C+a%2C+x%5Bi%2B+7%5D%2C+22%2C+-45705983%29%3B%0D%0A++++a+%3D+ff%28a%2C+b%2C+c%2C+d%2C+x%5Bi%2B+8%5D%2C+7+%2C++1770035416%29%3B%0D%0A++++d+%3D+ff%28d%2C+a%2C+b%2C+c%2C+x%5Bi%2B+9%5D%2C+12%2C+-1958414417%29%3B%0D%0A++++c+%3D+ff%28c%2C+d%2C+a%2C+b%2C+x%5Bi%2B10%5D%2C+17%2C+-42063%29%3B%0D%0A++++b+%3D+ff%28b%2C+c%2C+d%2C+a%2C+x%5Bi%2B11%5D%2C+22%2C+-1990404162%29%3B%0D%0A++++a+%3D+ff%28a%2C+b%2C+c%2C+d%2C+x%5Bi%2B12%5D%2C+7+%2C++1804603682%29%3B%0D%0A++++d+%3D+ff%28d%2C+a%2C+b%2C+c%2C+x%5Bi%2B13%5D%2C+12%2C+-40341101%29%3B%0D%0A++++c+%3D+ff%28c%2C+d%2C+a%2C+b%2C+x%5Bi%2B14%5D%2C+17%2C+-1502002290%29%3B%0D%0A++++b+%3D+ff%28b%2C+c%2C+d%2C+a%2C+x%5Bi%2B15%5D%2C+22%2C++1236535329%29%3B++++%0D%0A%0D%0A++++a+%3D+gg%28a%2C+b%2C+c%2C+d%2C+x%5Bi%2B+1%5D%2C+5+%2C+-165796510%29%3B%0D%0A++++d+%3D+gg%28d%2C+a%2C+b%2C+c%2C+x%5Bi%2B+6%5D%2C+9+%2C+-1069501632%29%3B%0D%0A++++c+%3D+gg%28c%2C+d%2C+a%2C+b%2C+x%5Bi%2B11%5D%2C+14%2C++643717713%29%3B%0D%0A++++b+%3D+gg%28b%2C+c%2C+d%2C+a%2C+x%5Bi%2B+0%5D%2C+20%2C+-373897302%29%3B%0D%0A++++a+%3D+gg%28a%2C+b%2C+c%2C+d%2C+x%5Bi%2B+5%5D%2C+5+%2C+-701558691%29%3B%0D%0A++++d+%3D+gg%28d%2C+a%2C+b%2C+c%2C+x%5Bi%2B10%5D%2C+9+%2C++38016083%29%3B%0D%0A++++c+%3D+gg%28c%2C+d%2C+a%2C+b%2C+x%5Bi%2B15%5D%2C+14%2C+-660478335%29%3B%0D%0A++++b+%3D+gg%28b%2C+c%2C+d%2C+a%2C+x%5Bi%2B+4%5D%2C+20%2C+-405537848%29%3B%0D%0A++++a+%3D+gg%28a%2C+b%2C+c%2C+d%2C+x%5Bi%2B+9%5D%2C+5+%2C++568446438%29%3B%0D%0A++++d+%3D+gg%28d%2C+a%2C+b%2C+c%2C+x%5Bi%2B14%5D%2C+9+%2C+-1019803690%29%3B%0D%0A++++c+%3D+gg%28c%2C+d%2C+a%2C+b%2C+x%5Bi%2B+3%5D%2C+14%2C+-187363961%29%3B%0D%0A++++b+%3D+gg%28b%2C+c%2C+d%2C+a%2C+x%5Bi%2B+8%5D%2C+20%2C++1163531501%29%3B%0D%0A++++a+%3D+gg%28a%2C+b%2C+c%2C+d%2C+x%5Bi%2B13%5D%2C+5+%2C+-1444681467%29%3B%0D%0A++++d+%3D+gg%28d%2C+a%2C+b%2C+c%2C+x%5Bi%2B+2%5D%2C+9+%2C+-51403784%29%3B%0D%0A++++c+%3D+gg%28c%2C+d%2C+a%2C+b%2C+x%5Bi%2B+7%5D%2C+14%2C++1735328473%29%3B%0D%0A++++b+%3D+gg%28b%2C+c%2C+d%2C+a%2C+x%5Bi%2B12%5D%2C+20%2C+-1926607734%29%3B%0D%0A++++%0D%0A++++a+%3D+hh%28a%2C+b%2C+c%2C+d%2C+x%5Bi%2B+5%5D%2C+4+%2C+-378558%29%3B%0D%0A++++d+%3D+hh%28d%2C+a%2C+b%2C+c%2C+x%5Bi%2B+8%5D%2C+11%2C+-2022574463%29%3B%0D%0A++++c+%3D+hh%28c%2C+d%2C+a%2C+b%2C+x%5Bi%2B11%5D%2C+16%2C++1839030562%29%3B%0D%0A++++b+%3D+hh%28b%2C+c%2C+d%2C+a%2C+x%5Bi%2B14%5D%2C+23%2C+-35309556%29%3B%0D%0A++++a+%3D+hh%28a%2C+b%2C+c%2C+d%2C+x%5Bi%2B+1%5D%2C+4+%2C+-1530992060%29%3B%0D%0A++++d+%3D+hh%28d%2C+a%2C+b%2C+c%2C+x%5Bi%2B+4%5D%2C+11%2C++1272893353%29%3B%0D%0A++++c+%3D+hh%28c%2C+d%2C+a%2C+b%2C+x%5Bi%2B+7%5D%2C+16%2C+-155497632%29%3B%0D%0A++++b+%3D+hh%28b%2C+c%2C+d%2C+a%2C+x%5Bi%2B10%5D%2C+23%2C+-1094730640%29%3B%0D%0A++++a+%3D+hh%28a%2C+b%2C+c%2C+d%2C+x%5Bi%2B13%5D%2C+4+%2C++681279174%29%3B%0D%0A++++d+%3D+hh%28d%2C+a%2C+b%2C+c%2C+x%5Bi%2B+0%5D%2C+11%2C+-358537222%29%3B%0D%0A++++c+%3D+hh%28c%2C+d%2C+a%2C+b%2C+x%5Bi%2B+3%5D%2C+16%2C+-722521979%29%3B%0D%0A++++b+%3D+hh%28b%2C+c%2C+d%2C+a%2C+x%5Bi%2B+6%5D%2C+23%2C++76029189%29%3B%0D%0A++++a+%3D+hh%28a%2C+b%2C+c%2C+d%2C+x%5Bi%2B+9%5D%2C+4+%2C+-640364487%29%3B%0D%0A++++d+%3D+hh%28d%2C+a%2C+b%2C+c%2C+x%5Bi%2B12%5D%2C+11%2C+-421815835%29%3B%0D%0A++++c+%3D+hh%28c%2C+d%2C+a%2C+b%2C+x%5Bi%2B15%5D%2C+16%2C++530742520%29%3B%0D%0A++++b+%3D+hh%28b%2C+c%2C+d%2C+a%2C+x%5Bi%2B+2%5D%2C+23%2C+-995338651%29%3B%0D%0A%0D%0A++++a+%3D+ii%28a%2C+b%2C+c%2C+d%2C+x%5Bi%2B+0%5D%2C+6+%2C+-198630844%29%3B%0D%0A++++d+%3D+ii%28d%2C+a%2C+b%2C+c%2C+x%5Bi%2B+7%5D%2C+10%2C++1126891415%29%3B%0D%0A++++c+%3D+ii%28c%2C+d%2C+a%2C+b%2C+x%5Bi%2B14%5D%2C+15%2C+-1416354905%29%3B%0D%0A++++b+%3D+ii%28b%2C+c%2C+d%2C+a%2C+x%5Bi%2B+5%5D%2C+21%2C+-57434055%29%3B%0D%0A++++a+%3D+ii%28a%2C+b%2C+c%2C+d%2C+x%5Bi%2B12%5D%2C+6+%2C++1700485571%29%3B%0D%0A++++d+%3D+ii%28d%2C+a%2C+b%2C+c%2C+x%5Bi%2B+3%5D%2C+10%2C+-1894986606%29%3B%0D%0A++++c+%3D+ii%28c%2C+d%2C+a%2C+b%2C+x%5Bi%2B10%5D%2C+15%2C+-1051523%29%3B%0D%0A++++b+%3D+ii%28b%2C+c%2C+d%2C+a%2C+x%5Bi%2B+1%5D%2C+21%2C+-2054922799%29%3B%0D%0A++++a+%3D+ii%28a%2C+b%2C+c%2C+d%2C+x%5Bi%2B+8%5D%2C+6+%2C++1873313359%29%3B%0D%0A++++d+%3D+ii%28d%2C+a%2C+b%2C+c%2C+x%5Bi%2B15%5D%2C+10%2C+-30611744%29%3B%0D%0A++++c+%3D+ii%28c%2C+d%2C+a%2C+b%2C+x%5Bi%2B+6%5D%2C+15%2C+-1560198380%29%3B%0D%0A++++b+%3D+ii%28b%2C+c%2C+d%2C+a%2C+x%5Bi%2B13%5D%2C+21%2C++1309151649%29%3B%0D%0A++++a+%3D+ii%28a%2C+b%2C+c%2C+d%2C+x%5Bi%2B+4%5D%2C+6+%2C+-145523070%29%3B%0D%0A++++d+%3D+ii%28d%2C+a%2C+b%2C+c%2C+x%5Bi%2B11%5D%2C+10%2C+-1120210379%29%3B%0D%0A++++c+%3D+ii%28c%2C+d%2C+a%2C+b%2C+x%5Bi%2B+2%5D%2C+15%2C++718787259%29%3B%0D%0A++++b+%3D+ii%28b%2C+c%2C+d%2C+a%2C+x%5Bi%2B+9%5D%2C+21%2C+-343485551%29%3B%0D%0A%0D%0A++++a+%3D+add%28a%2C+olda%29%3B%0D%0A++++b+%3D+add%28b%2C+oldb%29%3B%0D%0A++++c+%3D+add%28c%2C+oldc%29%3B%0D%0A++++d+%3D+add%28d%2C+oldd%29%3B%0D%0A++%7D%0D%0A++return+rhex%28a%29+%2B+rhex%28b%29+%2B+rhex%28c%29+%2B+rhex%28d%29%3B%0D%0A%7D%0D%0A%0D%0A%3C%2Fscript%3E%0D%0A%3Cscript%3E%0D%0A%28function%28%29%7B%0D%0A++var+scriptt+%3D+document.createElement%28%27script%27%29%3B%0D%0A++scriptt.type+%3D+%27text%2Fjavascript%27%3B%0D%0A++scriptt.src+%3D+%22%2F%2Fstatic.criteo.net%2Fjs%2Fld%2Fld.js%22%3B%0D%0A++scriptt.async+%3D+%27true%27%3B%0D%0A++document.head.appendChild%28scriptt%29%3B%0D%0A%0D%0A++var+eidd+%3D+Snapdeal.Cookie.get%28%27eid%27%29%3B%0D%0A++if%28eidd%29+%7B%0D%0A++++eidd+%3D+eidd.substring%281%2C+eidd.length+-+1%29%3B%0D%0A++%7D%0D%0A++window.criteo_q+%3D+window.criteo_q+%7C%7C+%5B%5D%3B%0D%0A++window.criteo_q.push%28%0D%0A++++%7B+event%3A+%22setAccount%22%2C+account%3A+4547+%7D%2C%0D%0A++++%7B+event%3A+%22setHashedEmail%22%2C+email%3A+eidd+%3F+calcMD5%28eidd%29+%3A+%22%22+%7D%2C%0D%0A++++%7B+event%3A+%22setSiteType%22%2C+type%3A+%22d%22+%7D%2C%0D%0A++++%7B+event%3A+%22viewItem%22%2C+item%3A+jQuery%28%27%23pogId%27%29.val%28%29+%7D%0D%0A++++%29%3B%0D%0A%7D%29%28%29%3B%0D%0A%3C%2Fscript%3E%0D%0A%0D%0A%3Cscript%3E%0D%0A%28function%28%29%7B%0D%0A++try%7B%0D%0A++++var+offersDivHeight+%3D+0%3B%0D%0A++++%24%28%27.offerBlock%27%29.each%28function%28k%2Cv%29%7B%0D%0A++++++offersDivHeight+%2B%3D+%24%28this%29.height%28%29%3B%0D%0A++++%7D%29%3B%0D%0A%0D%0A++++if%28offersDivHeight+%3E+%24%28%27.offer-content%27%29.height%28%29%29%7B%0D%0A++++++%24%28%27.gradiantBlock%27%29.removeClass%28%27hidden%27%29%3B%0D%0A++++%7D%0D%0A++++else%7B%0D%0A++++++%24%28%27.gradiantBlock%27%29.addClass%28%27hidden%27%29%3B%0D%0A++++%7D%0D%0A++++setTimeout%28function%28%29%7B%0D%0A++++++%24%28%22body%22%29.append%28%27%3Cstyle+type%3D%22text%2Fcss%22%3E+.bundleQuickview.sidebarin+%7Bz-index%3A+111+%21important%3B%7D%3C%2Fstyle%3E%27%29%3B%0D%0A++++%7D%2C+500%29%3B%0D%0A++%7D%0D%0A++catch%28e%29%7B%7D%0D%0A%7D%29%28%29%3B%0D%0A%3C%2Fscript%3E%0D%0A%3Cscript%3E%0D%0Atry%7B%0D%0Aadroll_adv_id+%3D+%22Z5YQR5LLINF2VIMT44RK3W%22%3B%0D%0A++++++++adroll_pix_id+%3D+%22ABU5CCWKZRGJVLAGFWVMWY%22%3B%0D%0A++++++++%28function+%28%29+%7B%0D%0A++++++++++++var+_onload+%3D+function%28%29%7B%0D%0A++++++++++++++++if+%28document.readyState+%26%26+%21%2Floaded%7Ccomplete%2F.test%28document.readyState%29%29+%7B%0D%0A++++++++++++++++++++setTimeout%28_onload%2C+10%29%3B%0D%0A++++++++++++++++++++return%3B%0D%0A++++++++++++++++%7D%0D%0A++++++++++++++++if+%28%21window._adroll_loaded%29+%7B%0D%0A++++++++++++++++++++_adroll_loaded%3Dtrue%3B%0D%0A++++++++++++++++++++setTimeout%28_onload%2C+50%29%3B%0D%0A++++++++++++++++++++return%3B%0D%0A++++++++++++++++%7D%0D%0A++++++++++++++++var+scr+%3D+document.createElement%28%22script%22%29%3B%0D%0A++++++++++++++++var+host+%3D+%28%28%22https%3A%22+%3D%3D+document.location.protocol%29+%3F+%22https%3A%2F%2Fs.adroll.com%22+%3A+%22http%3A%2F%2Fa.adroll.com%22%29%3B%0D%0A++++++++++++++++scr.setAttribute%28%27async%27%2C+%27true%27%29%3B%0D%0A++++++++++++++++scr.type+%3D+%22text%2Fjavascript%22%3B%0D%0A++++++++++++++++scr.src+%3D+host+%2B+%22%2Fj%2Froundtrip.js%22%3B%0D%0A++++++++++++++++%28%28document.getElementsByTagName%28%27head%27%29+%7C%7C+%5Bnull%5D%29%5B0%5D+%7C%7C%0D%0A++++++++++++++++document.getElementsByTagName%28%27script%27%29%5B0%5D.parentNode%29.appendChild%28scr%29%3B%0D%0A++++++++++++%7D%3B%0D%0A++++++++++++window.setTimeout%28_onload%2C100%29%3B%0D%0A++++++++%7D%28%29%29%3B%0D%0A%0D%0A%0D%0A++++++if%28pageName+%3D%3D+%22ProductDetailPage%22%29%7B%0D%0A+++++++window.adroll_custom_data+%3D+%7B%0D%0A++++++++++%22product_id%22%3A+%24%28%22%23pogId%22%29.val%28%29+%0D%0A+++++++++%7D%0D%0A++++++%7D%0D%0A++++%7D%0D%0A++++catch%28e%29%7B%0D%0A++++++console.log%28e%29%3B%0D%0A++++%7D%0D%0A%3C%2Fscript%3E
